rollNumber,studentId,fullName,gender,dob,age,department,semester,division,phone,email,address,guardianName,guardianContact,attendancePercentage,cgpa,credits,skills,projects,achievements,placementScore,placementStatus,scholarshipScore,scholarshipStatus,backlogs,incomeCategory,remarks,photo
1001,S-2026-1001,Aarav Sharma,Female,2000-01-01,26,Computer Science,1,A,900001001,aarav.sharma@college.edu,Campus Hostel A,Guardian Aarav,800001001,89.56,8.62,22,Java  JavaFX  DSA  SQL,Attendance AI  Risk Predictor,Hackathon Finalist  Dean List,92.59,Ready,100.0,Eligible,0,Low,Excellent academic profile with Computer Science specialization.,avatar-1
1002,S-2026-1002,Aarohi Rao,Male,2001-02-02,25,Information Technology,2,B,900001002,aarohi.rao@college.edu,Campus Hostel B,Guardian Aarohi,800001002,66.71,6.69,44,Python  ML  Data Analysis  Git,Smart Meter  Health Band,Best Project  Coding Club,58.51,Not Ready,49.53,Not Eligible,2,Middle,Average academic profile with Information Technology specialization.,avatar-2
1003,S-2026-1003,Vivaan Menon,Other,2002-03-03,24,Electronics,3,C,900001003,vivaan.menon@college.edu,Campus Hostel C,Guardian Vivaan,800001003,71.08,5.71,66,React  Java  Testing  UI Design,Traffic Analyzer  Hostel Desk,Research Poster  Sports Medal,60.52,Developing,54.34,Not Eligible,1,Middle,Weak academic profile with Electronics specialization.,avatar-3
1004,S-2026-1004,Anaya Iyer,Female,2003-04-04,23,Mechanical,4,D,900001004,anaya.iyer@college.edu,Campus Hostel D,Guardian Anaya,800001004,74.33,6.62,88,IoT  C  PCB  Sensors,Lab Inventory  Notice Hub,Open Source Contributor  Mentor,51.54,Not Ready,28.11,Not Eligible,3,High,Average academic profile with Mechanical specialization.,avatar-4
1005,S-2026-1005,Aditya Joshi,Male,2004-05-05,22,Civil,5,A,900001005,aditya.joshi@college.edu,Campus Hostel A,Guardian Aditya,800001005,71.23,9.95,110,CAD  Robotics  Simulation  MATLAB,Attendance AI  Risk Predictor,Innovation Award  Volunteer Lead,98.23,Ready,100.0,Not Eligible,0,Middle,Average academic profile with Civil specialization.,avatar-5
1006,S-2026-1006,Diya Shetty,Other,2005-06-06,21,Data Science,6,B,900001006,diya.shetty@college.edu,Campus Hostel B,Guardian Diya,800001006,96.5,7.47,132,Cloud  Linux  Docker  APIs,Smart Meter  Health Band,Technical Quiz Winner  Seminar Speaker,61.92,Developing,58.24,Not Eligible,3,Low,Average academic profile with Data Science specialization.,avatar-6
1007,S-2026-1007,Ishaan Kulkarni,Female,2006-07-07,20,AI and ML,7,C,900001007,ishaan.kulkarni@college.edu,Campus Hostel C,Guardian Ishaan,800001007,78.77,6.27,154,Cybersecurity  Networks  Python  Bash,Traffic Analyzer  Hostel Desk,Hackathon Finalist  Dean List,73.98,Developing,61.98,Not Eligible,0,High,Average academic profile with AI and ML specialization.,avatar-7
1008,S-2026-1008,Meera Nair,Male,2000-08-08,25,Electrical,8,D,900001008,meera.nair@college.edu,Campus Hostel D,Guardian Meera,800001008,70.32,6.66,176,Analytics  Excel  SQL  Tableau,Lab Inventory  Notice Hub,Best Project  Coding Club,75.02,Ready,73.83,Not Eligible,0,Middle,Average academic profile with Electrical specialization.,avatar-8
1009,S-2026-1009,Kabir Chopra,Other,2001-09-09,24,Computer Science,1,A,900001009,kabir.chopra@college.edu,Campus Hostel A,Guardian Kabir,800001009,91.39,8.28,22,Java  JavaFX  DSA  SQL,Attendance AI  Risk Predictor,Research Poster  Sports Medal,90.57,Ready,89.95,Eligible,0,Middle,Good academic profile with Computer Science specialization.,avatar-9
1010,S-2026-1010,Nisha Desai,Female,2002-10-10,23,Information Technology,2,B,900001010,nisha.desai@college.edu,Campus Hostel B,Guardian Nisha,800001010,83.0,7.88,44,Python  ML  Data Analysis  Git,Smart Meter  Health Band,Open Source Contributor  Mentor,62.09,Developing,39.49,Not Eligible,3,High,Average academic profile with Information Technology specialization.,avatar-10
1011,S-2026-1011,Pranit Pillai,Male,2003-11-11,22,Electronics,3,C,900001011,pranit.pillai@college.edu,Campus Hostel C,Guardian Pranit,800001011,75.26,8.99,66,React  Java  Testing  UI Design,Traffic Analyzer  Hostel Desk,Innovation Award  Volunteer Lead,92.32,Ready,100.0,Eligible,0,Low,Good academic profile with Electronics specialization.,avatar-11
1012,S-2026-1012,Prakash Naik,Other,2004-12-12,21,Mechanical,4,D,900001012,prakash.naik@college.edu,Campus Hostel D,Guardian Prakash,800001012,54.12,6.22,88,IoT  C  PCB  Sensors,Lab Inventory  Notice Hub,Technical Quiz Winner  Seminar Speaker,44.7,Not Ready,31.88,Not Eligible,3,Middle,Weak academic profile with Mechanical specialization.,avatar-12
1013,S-2026-1013,Prasad Mehta,Female,2005-01-13,21,Civil,5,A,900001013,prasad.mehta@college.edu,Campus Hostel A,Guardian Prasad,800001013,94.66,9.9,110,CAD  Robotics  Simulation  MATLAB,Attendance AI  Risk Predictor,Hackathon Finalist  Dean List,100.0,Ready,93.4,Eligible,0,High,Excellent academic profile with Civil specialization.,avatar-1
1014,S-2026-1014,Pranav Kapoor,Male,2006-02-14,20,Data Science,6,B,900001014,pranav.kapoor@college.edu,Campus Hostel B,Guardian Pranav,800001014,70.11,7.62,132,Cloud  Linux  Docker  APIs,Smart Meter  Health Band,Best Project  Coding Club,57.7,Not Ready,45.48,Not Eligible,3,Middle,Average academic profile with Data Science specialization.,avatar-2
1015,S-2026-1015,Riya Jain,Other,2000-03-15,26,AI and ML,7,C,900001015,riya.jain@college.edu,Campus Hostel C,Guardian Riya,800001015,67.53,8.2,154,Cybersecurity  Networks  Python  Bash,Traffic Analyzer  Hostel Desk,Research Poster  Sports Medal,85.24,Ready,85.73,Not Eligible,0,Middle,Average academic profile with AI and ML specialization.,avatar-3
1016,S-2026-1016,Saanvi Patil,Female,2001-04-16,25,Electrical,8,D,900001016,saanvi.patil@college.edu,Campus Hostel D,Guardian Saanvi,800001016,62.39,7.22,176,Analytics  Excel  SQL  Tableau,Lab Inventory  Notice Hub,Open Source Contributor  Mentor,69.35,Developing,75.12,Not Eligible,1,Low,Weak academic profile with Electrical specialization.,avatar-4
1017,S-2026-1017,Arjun Gupta,Male,2002-05-17,24,Computer Science,1,A,900001017,arjun.gupta@college.edu,Campus Hostel A,Guardian Arjun,800001017,76.77,7.52,22,Java  JavaFX  DSA  SQL,Attendance AI  Risk Predictor,Innovation Award  Volunteer Lead,74.33,Developing,69.68,Not Eligible,1,Middle,Good academic profile with Computer Science specialization.,avatar-5
1018,S-2026-1018,Ira Saxena,Other,2003-06-18,23,Information Technology,2,B,900001018,ira.saxena@college.edu,Campus Hostel B,Guardian Ira,800001018,87.9,9.95,44,Python  ML  Data Analysis  Git,Smart Meter  Health Band,Technical Quiz Winner  Seminar Speaker,100.0,Ready,100.0,Eligible,0,Middle,Excellent academic profile with Information Technology specialization.,avatar-6
1019,S-2026-1019,Dev Khan,Female,2004-07-19,21,Electronics,3,C,900001019,dev.khan@college.edu,Campus Hostel C,Guardian Dev,800001019,53.35,5.38,66,React  Java  Testing  UI Design,Traffic Analyzer  Hostel Desk,Hackathon Finalist  Dean List,38.66,Not Ready,15.04,Not Eligible,3,High,Weak academic profile with Electronics specialization.,avatar-7
1020,S-2026-1020,Tara Bose,Male,2005-08-20,20,Mechanical,4,D,900001020,tara.bose@college.edu,Campus Hostel D,Guardian Tara,800001020,68.98,7.4,88,IoT  C  PCB  Sensors,Lab Inventory  Notice Hub,Best Project  Coding Club,79.93,Ready,79.55,Not Eligible,0,Middle,Average academic profile with Mechanical specialization.,avatar-8
1021,S-2026-1021,Neel Sharma,Other,2006-09-21,19,Civil,5,A,900001021,neel.sharma@college.edu,Campus Hostel A,Guardian Neel,800001021,96.12,6.9,110,CAD  Robotics  Simulation  MATLAB,Attendance AI  Risk Predictor,Research Poster  Sports Medal,73.86,Developing,77.62,Not Eligible,1,Low,Average academic profile with Civil specialization.,avatar-9
1022,S-2026-1022,Aisha Rao,Female,2000-10-22,25,Data Science,6,B,900001022,aisha.rao@college.edu,Campus Hostel B,Guardian Aisha,800001022,75.51,7.61,132,Cloud  Linux  Docker  APIs,Smart Meter  Health Band,Open Source Contributor  Mentor,66.71,Developing,48.21,Not Eligible,2,High,Average academic profile with Data Science specialization.,avatar-10
1023,S-2026-1023,Kunal Menon,Male,2001-11-23,24,AI and ML,7,C,900001023,kunal.menon@college.edu,Campus Hostel C,Guardian Kunal,800001023,88.26,8.92,154,Cybersecurity  Networks  Python  Bash,Traffic Analyzer  Hostel Desk,Innovation Award  Volunteer Lead,94.43,Ready,94.6,Eligible,0,Middle,Excellent academic profile with AI and ML specialization.,avatar-11
1024,S-2026-1024,Maya Iyer,Other,2002-12-24,23,Electrical,8,D,900001024,maya.iyer@college.edu,Campus Hostel D,Guardian Maya,800001024,66.61,5.73,176,Analytics  Excel  SQL  Tableau,Lab Inventory  Notice Hub,Technical Quiz Winner  Seminar Speaker,59.77,Not Ready,53.83,Not Eligible,1,Middle,Weak academic profile with Electrical specialization.,avatar-12
1025,S-2026-1025,Rohan Joshi,Female,2003-01-25,23,Computer Science,1,A,900001025,rohan.joshi@college.edu,Campus Hostel A,Guardian Rohan,800001025,97.46,9.54,22,Java  JavaFX  DSA  SQL,Attendance AI  Risk Predictor,Hackathon Finalist  Dean List,100.0,Ready,90.94,Eligible,0,High,Excellent academic profile with Computer Science specialization.,avatar-1
1026,S-2026-1026,Sara Shetty,Male,2004-02-26,22,Information Technology,2,B,900001026,sara.shetty@college.edu,Campus Hostel B,Guardian Sara,800001026,75.86,8.38,44,Python  ML  Data Analysis  Git,Smart Meter  Health Band,Best Project  Coding Club,88.17,Ready,98.42,Eligible,0,Low,Good academic profile with Information Technology specialization.,avatar-2
1027,S-2026-1027,Yash Kulkarni,Other,2005-03-27,21,Electronics,3,C,900001027,yash.kulkarni@college.edu,Campus Hostel C,Guardian Yash,800001027,99.0,8.8,66,React  Java  Testing  UI Design,Traffic Analyzer  Hostel Desk,Research Poster  Sports Medal,95.73,Ready,95.25,Eligible,0,Middle,Excellent academic profile with Electronics specialization.,avatar-3
1028,S-2026-1028,Kiara Nair,Female,2006-04-01,20,Mechanical,4,D,900001028,kiara.nair@college.edu,Campus Hostel D,Guardian Kiara,800001028,87.34,6.12,88,IoT  C  PCB  Sensors,Lab Inventory  Notice Hub,Open Source Contributor  Mentor,58.64,Not Ready,38.06,Not Eligible,2,High,Weak academic profile with Mechanical specialization.,avatar-4
1029,S-2026-1029,Om Chopra,Male,2000-05-02,26,Civil,5,A,900001029,om.chopra@college.edu,Campus Hostel A,Guardian Om,800001029,89.33,8.91,110,CAD  Robotics  Simulation  MATLAB,Attendance AI  Risk Predictor,Innovation Award  Volunteer Lead,94.57,Ready,94.68,Eligible,0,Middle,Excellent academic profile with Civil specialization.,avatar-5
1030,S-2026-1030,Avni Desai,Other,2001-06-03,25,Data Science,6,B,900001030,avni.desai@college.edu,Campus Hostel B,Guardian Avni,800001030,98.28,9.95,132,Cloud  Linux  Docker  APIs,Smart Meter  Health Band,Technical Quiz Winner  Seminar Speaker,100.0,Ready,100.0,Eligible,0,Middle,Excellent academic profile with Data Science specialization.,avatar-6
1031,S-2026-1031,Aarav Pillai,Female,2002-07-04,24,AI and ML,7,C,900001031,aarav.pillai@college.edu,Campus Hostel C,Guardian Aarav,800001031,64.63,8.58,154,Cybersecurity  Networks  Python  Bash,Traffic Analyzer  Hostel Desk,Hackathon Finalist  Dean List,87.32,Ready,98.33,Not Eligible,0,Low,Weak academic profile with AI and ML specialization.,avatar-7
1032,S-2026-1032,Aarohi Naik,Male,2003-08-05,22,Electrical,8,D,900001032,aarohi.naik@college.edu,Campus Hostel D,Guardian Aarohi,800001032,90.4,9.08,176,Analytics  Excel  SQL  Tableau,Lab Inventory  Notice Hub,Best Project  Coding Club,95.97,Ready,96.2,Eligible,0,Middle,Excellent academic profile with Electrical specialization.,avatar-8
1033,S-2026-1033,Vivaan Mehta,Other,2004-09-06,21,Computer Science,1,A,900001033,vivaan.mehta@college.edu,Campus Hostel A,Guardian Vivaan,800001033,77.09,7.6,22,Java  JavaFX  DSA  SQL,Attendance AI  Risk Predictor,Research Poster  Sports Medal,74.95,Developing,70.36,Not Eligible,1,Middle,Good academic profile with Computer Science specialization.,avatar-9
1034,S-2026-1034,Anaya Kapoor,Female,2005-10-07,20,Information Technology,2,B,900001034,anaya.kapoor@college.edu,Campus Hostel B,Guardian Anaya,800001034,96.39,7.3,44,Python  ML  Data Analysis  Git,Smart Meter  Health Band,Open Source Contributor  Mentor,76.71,Ready,60.86,Not Eligible,1,High,Average academic profile with Information Technology specialization.,avatar-10
1035,S-2026-1035,Aditya Jain,Male,2006-11-08,19,Electronics,3,C,900001035,aditya.jain@college.edu,Campus Hostel C,Guardian Aditya,800001035,99.0,9.32,66,React  Java  Testing  UI Design,Traffic Analyzer  Hostel Desk,Innovation Award  Volunteer Lead,99.37,Ready,99.41,Eligible,0,Middle,Excellent academic profile with Electronics specialization.,avatar-11
1036,S-2026-1036,Diya Patil,Other,2000-12-09,25,Mechanical,4,D,900001036,diya.patil@college.edu,Campus Hostel D,Guardian Diya,800001036,78.04,8.82,88,IoT  C  PCB  Sensors,Lab Inventory  Notice Hub,Technical Quiz Winner  Seminar Speaker,91.68,Ready,100.0,Eligible,0,Low,Good academic profile with Mechanical specialization.,avatar-12
1037,S-2026-1037,Ishaan Gupta,Female,2001-01-10,25,Civil,5,A,900001037,ishaan.gupta@college.edu,Campus Hostel A,Guardian Ishaan,800001037,80.43,6.53,110,CAD  Robotics  Simulation  MATLAB,Attendance AI  Risk Predictor,Hackathon Finalist  Dean List,68.13,Developing,52.3,Not Eligible,1,High,Average academic profile with Civil specialization.,avatar-1
1038,S-2026-1038,Meera Saxena,Male,2002-02-11,24,Data Science,6,B,900001038,meera.saxena@college.edu,Campus Hostel B,Guardian Meera,800001038,73.35,8.88,132,Cloud  Linux  Docker  APIs,Smart Meter  Health Band,Best Project  Coding Club,91.16,Ready,92.04,Not Eligible,0,Middle,Average academic profile with Data Science specialization.,avatar-2
1039,S-2026-1039,Kabir Khan,Other,2003-03-12,23,AI and ML,7,C,900001039,kabir.khan@college.edu,Campus Hostel C,Guardian Kabir,800001039,79.23,9.51,154,Cybersecurity  Networks  Python  Bash,Traffic Analyzer  Hostel Desk,Research Poster  Sports Medal,96.75,Ready,97.96,Eligible,0,Middle,Good academic profile with AI and ML specialization.,avatar-3
1040,S-2026-1040,Nisha Bose,Female,2004-04-13,22,Electrical,8,D,900001040,nisha.bose@college.edu,Campus Hostel D,Guardian Nisha,800001040,71.01,7.35,176,Analytics  Excel  SQL  Tableau,Lab Inventory  Notice Hub,Open Source Contributor  Mentor,71.99,Developing,57.45,Not Eligible,1,High,Average academic profile with Electrical specialization.,avatar-4
1041,S-2026-1041,Pranit Sharma,Male,2005-05-14,21,Computer Science,1,A,900001041,pranit.sharma@college.edu,Campus Hostel A,Guardian Pranit,800001041,67.57,9.1,22,Java  JavaFX  DSA  SQL,Attendance AI  Risk Predictor,Innovation Award  Volunteer Lead,91.55,Ready,100.0,Not Eligible,0,Low,Average academic profile with Computer Science specialization.,avatar-5
1042,S-2026-1042,Prakash Rao,Other,2006-06-15,20,Information Technology,2,B,900001042,prakash.rao@college.edu,Campus Hostel B,Guardian Prakash,800001042,93.99,7.26,44,Python  ML  Data Analysis  Git,Smart Meter  Health Band,Technical Quiz Winner  Seminar Speaker,59.95,Not Ready,46.18,Not Eligible,3,Middle,Average academic profile with Information Technology specialization.,avatar-6
1043,S-2026-1043,Prasad Menon,Female,2000-07-16,25,Electronics,3,C,900001043,prasad.menon@college.edu,Campus Hostel C,Guardian Prasad,800001043,68.56,9.23,66,React  Java  Testing  UI Design,Traffic Analyzer  Hostel Desk,Hackathon Finalist  Dean List,92.66,Ready,84.12,Not Eligible,0,High,Average academic profile with Electronics specialization.,avatar-7
1044,S-2026-1044,Pranav Iyer,Male,2001-08-17,24,Mechanical,4,D,900001044,pranav.iyer@college.edu,Campus Hostel D,Guardian Pranav,800001044,53.9,5.92,88,IoT  C  PCB  Sensors,Lab Inventory  Notice Hub,Best Project  Coding Club,50.55,Not Ready,41.44,Not Eligible,2,Middle,Weak academic profile with Mechanical specialization.,avatar-8
1045,S-2026-1045,Riya Joshi,Other,2002-09-18,23,Civil,5,A,900001045,riya.joshi@college.edu,Campus Hostel A,Guardian Riya,800001045,72.14,6.71,110,CAD  Robotics  Simulation  MATLAB,Attendance AI  Risk Predictor,Research Poster  Sports Medal,51.73,Not Ready,38.5,Not Eligible,3,Middle,Average academic profile with Civil specialization.,avatar-9
1046,S-2026-1046,Saanvi Shetty,Female,2003-10-19,22,Data Science,6,B,900001046,saanvi.shetty@college.edu,Campus Hostel B,Guardian Saanvi,800001046,77.8,9.45,132,Cloud  Linux  Docker  APIs,Smart Meter  Health Band,Open Source Contributor  Mentor,96.04,Ready,100.0,Eligible,0,Low,Good academic profile with Data Science specialization.,avatar-10
1047,S-2026-1047,Arjun Kulkarni,Male,2004-11-20,21,AI and ML,7,C,900001047,arjun.kulkarni@college.edu,Campus Hostel C,Guardian Arjun,800001047,84.93,5.31,154,Cybersecurity  Networks  Python  Bash,Traffic Analyzer  Hostel Desk,Innovation Award  Volunteer Lead,52.49,Not Ready,41.22,Not Eligible,2,Middle,Weak academic profile with AI and ML specialization.,avatar-11
1048,S-2026-1048,Ira Nair,Other,2005-12-21,20,Electrical,8,D,900001048,ira.nair@college.edu,Campus Hostel D,Guardian Ira,800001048,78.61,6.7,176,Analytics  Excel  SQL  Tableau,Lab Inventory  Notice Hub,Technical Quiz Winner  Seminar Speaker,68.96,Developing,63.39,Not Eligible,1,Middle,Average academic profile with Electrical specialization.,avatar-12
1049,S-2026-1049,Dev Chopra,Female,2006-01-22,20,Computer Science,1,A,900001049,dev.chopra@college.edu,Campus Hostel A,Guardian Dev,800001049,84.02,8.55,22,Java  JavaFX  DSA  SQL,Attendance AI  Risk Predictor,Hackathon Finalist  Dean List,90.99,Ready,81.0,Eligible,0,High,Good academic profile with Computer Science specialization.,avatar-1
1050,S-2026-1050,Tara Desai,Male,2000-02-23,26,Information Technology,2,B,900001050,tara.desai@college.edu,Campus Hostel B,Guardian Tara,800001050,77.42,5.9,44,Python  ML  Data Analysis  Git,Smart Meter  Health Band,Best Project  Coding Club,47.12,Not Ready,32.81,Not Eligible,3,Middle,Weak academic profile with Information Technology specialization.,avatar-2
1051,S-2026-1051,Neel Pillai,Other,2001-03-24,25,Electronics,3,C,900001051,neel.pillai@college.edu,Campus Hostel C,Guardian Neel,800001051,91.5,9.58,66,React  Java  Testing  UI Design,Traffic Analyzer  Hostel Desk,Research Poster  Sports Medal,99.69,Ready,100.0,Eligible,0,Low,Excellent academic profile with Electronics specialization.,avatar-3
1052,S-2026-1052,Aisha Naik,Female,2002-04-25,24,Mechanical,4,D,900001052,aisha.naik@college.edu,Campus Hostel D,Guardian Aisha,800001052,86.08,8.76,88,IoT  C  PCB  Sensors,Lab Inventory  Notice Hub,Open Source Contributor  Mentor,92.87,Ready,82.99,Eligible,0,High,Excellent academic profile with Mechanical specialization.,avatar-4
1053,S-2026-1053,Kunal Mehta,Male,2003-05-26,23,Civil,5,A,900001053,kunal.mehta@college.edu,Campus Hostel A,Guardian Kunal,800001053,53.83,6.17,110,CAD  Robotics  Simulation  MATLAB,Attendance AI  Risk Predictor,Innovation Award  Volunteer Lead,52.29,Not Ready,43.43,Not Eligible,2,Middle,Weak academic profile with Civil specialization.,avatar-5
1054,S-2026-1054,Maya Kapoor,Other,2004-06-27,22,Data Science,6,B,900001054,maya.kapoor@college.edu,Campus Hostel B,Guardian Maya,800001054,81.26,7.39,132,Cloud  Linux  Docker  APIs,Smart Meter  Health Band,Technical Quiz Winner  Seminar Speaker,74.32,Developing,69.31,Not Eligible,1,Middle,Average academic profile with Data Science specialization.,avatar-6
1055,S-2026-1055,Rohan Jain,Female,2005-07-01,21,AI and ML,7,C,900001055,rohan.jain@college.edu,Campus Hostel C,Guardian Rohan,800001055,99.0,9.64,154,Cybersecurity  Networks  Python  Bash,Traffic Analyzer  Hostel Desk,Hackathon Finalist  Dean List,100.0,Ready,91.97,Eligible,0,High,Excellent academic profile with AI and ML specialization.,avatar-7
1056,S-2026-1056,Sara Patil,Male,2006-08-02,19,Electrical,8,D,900001056,sara.patil@college.edu,Campus Hostel D,Guardian Sara,800001056,81.48,5.85,176,Analytics  Excel  SQL  Tableau,Lab Inventory  Notice Hub,Best Project  Coding Club,71.58,Developing,79.02,Not Eligible,0,Low,Weak academic profile with Electrical specialization.,avatar-8
1057,S-2026-1057,Yash Gupta,Other,2000-09-03,25,Computer Science,1,A,900001057,yash.gupta@college.edu,Campus Hostel A,Guardian Yash,800001057,86.94,6.98,22,Java  JavaFX  DSA  SQL,Attendance AI  Risk Predictor,Research Poster  Sports Medal,56.58,Not Ready,42.88,Not Eligible,3,Middle,Average academic profile with Computer Science specialization.,avatar-9
1058,S-2026-1058,Kiara Saxena,Female,2001-10-04,24,Information Technology,2,B,900001058,kiara.saxena@college.edu,Campus Hostel B,Guardian Kiara,800001058,85.82,9.87,44,Python  ML  Data Analysis  Git,Smart Meter  Health Band,Open Source Contributor  Mentor,100.0,Ready,91.83,Eligible,0,High,Excellent academic profile with Information Technology specialization.,avatar-10
1059,S-2026-1059,Om Khan,Male,2002-11-05,23,Electronics,3,C,900001059,om.khan@college.edu,Campus Hostel C,Guardian Om,800001059,73.77,5.8,66,React  Java  Testing  UI Design,Traffic Analyzer  Hostel Desk,Innovation Award  Volunteer Lead,45.69,Not Ready,31.47,Not Eligible,3,Middle,Weak academic profile with Electronics specialization.,avatar-11
1060,S-2026-1060,Avni Bose,Other,2003-12-06,22,Mechanical,4,D,900001060,avni.bose@college.edu,Campus Hostel D,Guardian Avni,800001060,77.92,9.04,88,IoT  C  PCB  Sensors,Lab Inventory  Notice Hub,Technical Quiz Winner  Seminar Speaker,93.2,Ready,94.01,Eligible,0,Middle,Good academic profile with Mechanical specialization.,avatar-12
1061,S-2026-1061,Aarav Sharma,Female,2004-01-07,22,Civil,5,A,900001061,aarav.sharma@college.edu,Campus Hostel A,Guardian Aarav,800001061,92.78,9.5,110,CAD  Robotics  Simulation  MATLAB,Attendance AI  Risk Predictor,Hackathon Finalist  Dean List,99.39,Ready,100.0,Eligible,0,Low,Excellent academic profile with Civil specialization.,avatar-1
1062,S-2026-1062,Aarohi Rao,Male,2005-02-08,21,Data Science,6,B,900001062,aarohi.rao@college.edu,Campus Hostel B,Guardian Aarohi,800001062,87.29,6.23,132,Cloud  Linux  Docker  APIs,Smart Meter  Health Band,Best Project  Coding Club,59.4,Not Ready,48.93,Not Eligible,2,Middle,Average academic profile with Data Science specialization.,avatar-2
1063,S-2026-1063,Vivaan Menon,Other,2006-03-09,20,AI and ML,7,C,900001063,vivaan.menon@college.edu,Campus Hostel C,Guardian Vivaan,800001063,89.77,7.55,154,Cybersecurity  Networks  Python  Bash,Traffic Analyzer  Hostel Desk,Research Poster  Sports Medal,69.14,Developing,59.87,Not Eligible,2,Middle,Average academic profile with AI and ML specialization.,avatar-3
1064,S-2026-1064,Anaya Iyer,Female,2000-04-10,26,Electrical,8,D,900001064,anaya.iyer@college.edu,Campus Hostel D,Guardian Anaya,800001064,99.0,9.2,176,Analytics  Excel  SQL  Tableau,Lab Inventory  Notice Hub,Open Source Contributor  Mentor,98.53,Ready,88.45,Eligible,0,High,Excellent academic profile with Electrical specialization.,avatar-4
1065,S-2026-1065,Aditya Joshi,Male,2001-05-11,25,Computer Science,1,A,900001065,aditya.joshi@college.edu,Campus Hostel A,Guardian Aditya,800001065,78.34,5.85,22,Java  JavaFX  DSA  SQL,Attendance AI  Risk Predictor,Innovation Award  Volunteer Lead,54.95,Not Ready,44.55,Not Eligible,2,Middle,Weak academic profile with Computer Science specialization.,avatar-5
1066,S-2026-1066,Diya Shetty,Other,2002-06-12,24,Information Technology,2,B,900001066,diya.shetty@college.edu,Campus Hostel B,Guardian Diya,800001066,78.04,5.98,44,Python  ML  Data Analysis  Git,Smart Meter  Health Band,Technical Quiz Winner  Seminar Speaker,55.8,Not Ready,55.55,Not Eligible,2,Low,Weak academic profile with Information Technology specialization.,avatar-6
1067,S-2026-1067,Ishaan Kulkarni,Female,2003-07-13,22,Electronics,3,C,900001067,ishaan.kulkarni@college.edu,Campus Hostel C,Guardian Ishaan,800001067,72.5,7.9,66,React  Java  Testing  UI Design,Traffic Analyzer  Hostel Desk,Hackathon Finalist  Dean List,68.13,Developing,50.08,Not Eligible,2,High,Average academic profile with Electronics specialization.,avatar-7
1068,S-2026-1068,Meera Nair,Male,2004-08-14,21,Mechanical,4,D,900001068,meera.nair@college.edu,Campus Hostel D,Guardian Meera,800001068,90.27,9.61,88,IoT  C  PCB  Sensors,Lab Inventory  Notice Hub,Best Project  Coding Club,99.66,Ready,100.0,Eligible,0,Middle,Excellent academic profile with Mechanical specialization.,avatar-8
1069,S-2026-1069,Kabir Chopra,Other,2005-09-15,20,Civil,5,A,900001069,kabir.chopra@college.edu,Campus Hostel A,Guardian Kabir,800001069,79.27,7.49,110,CAD  Robotics  Simulation  MATLAB,Attendance AI  Risk Predictor,Research Poster  Sports Medal,74.62,Developing,69.81,Not Eligible,1,Middle,Average academic profile with Civil specialization.,avatar-9
1070,S-2026-1070,Nisha Desai,Female,2006-10-16,19,Data Science,6,B,900001070,nisha.desai@college.edu,Campus Hostel B,Guardian Nisha,800001070,91.45,6.25,132,Cloud  Linux  Docker  APIs,Smart Meter  Health Band,Open Source Contributor  Mentor,68.37,Developing,51.72,Not Eligible,1,High,Average academic profile with Data Science specialization.,avatar-10
1071,S-2026-1071,Pranit Pillai,Male,2000-11-17,25,AI and ML,7,C,900001071,pranit.pillai@college.edu,Campus Hostel C,Guardian Pranit,800001071,79.65,8.7,154,Cybersecurity  Networks  Python  Bash,Traffic Analyzer  Hostel Desk,Innovation Award  Volunteer Lead,91.16,Ready,100.0,Eligible,0,Low,Good academic profile with AI and ML specialization.,avatar-11
1072,S-2026-1072,Prakash Naik,Other,2001-12-18,24,Electrical,8,D,900001072,prakash.naik@college.edu,Campus Hostel D,Guardian Prakash,800001072,63.42,7.68,176,Analytics  Excel  SQL  Tableau,Lab Inventory  Notice Hub,Technical Quiz Winner  Seminar Speaker,80.78,Ready,80.95,Not Eligible,0,Middle,Weak academic profile with Electrical specialization.,avatar-12
1073,S-2026-1073,Prasad Mehta,Female,2002-01-19,24,Computer Science,1,A,900001073,prasad.mehta@college.edu,Campus Hostel A,Guardian Prasad,800001073,66.07,8.03,22,Java  JavaFX  DSA  SQL,Attendance AI  Risk Predictor,Hackathon Finalist  Dean List,83.76,Ready,74.15,Not Eligible,0,High,Average academic profile with Computer Science specialization.,avatar-1
1074,S-2026-1074,Pranav Kapoor,Male,2003-02-20,23,Information Technology,2,B,900001074,pranav.kapoor@college.edu,Campus Hostel B,Guardian Pranav,800001074,81.59,7.51,44,Python  ML  Data Analysis  Git,Smart Meter  Health Band,Best Project  Coding Club,67.22,Developing,58.32,Not Eligible,2,Middle,Average academic profile with Information Technology specialization.,avatar-2
1075,S-2026-1075,Riya Jain,Other,2004-03-21,22,Electronics,3,C,900001075,riya.jain@college.edu,Campus Hostel C,Guardian Riya,800001075,99.0,7.8,66,React  Java  Testing  UI Design,Traffic Analyzer  Hostel Desk,Research Poster  Sports Medal,88.73,Ready,87.25,Eligible,0,Middle,Good academic profile with Electronics specialization.,avatar-3
1076,S-2026-1076,Saanvi Patil,Female,2005-04-22,21,Mechanical,4,D,900001076,saanvi.patil@college.edu,Campus Hostel D,Guardian Saanvi,800001076,95.9,9.32,88,IoT  C  PCB  Sensors,Lab Inventory  Notice Hub,Open Source Contributor  Mentor,98.75,Ready,100.0,Eligible,0,Low,Excellent academic profile with Mechanical specialization.,avatar-4
1077,S-2026-1077,Arjun Gupta,Male,2006-05-23,20,Civil,5,A,900001077,arjun.gupta@college.edu,Campus Hostel A,Guardian Arjun,800001077,70.68,6.72,110,CAD  Robotics  Simulation  MATLAB,Attendance AI  Risk Predictor,Innovation Award  Volunteer Lead,59.51,Not Ready,50.36,Not Eligible,2,Middle,Average academic profile with Civil specialization.,avatar-5
1078,S-2026-1078,Ira Saxena,Other,2000-06-24,26,Data Science,6,B,900001078,ira.saxena@college.edu,Campus Hostel B,Guardian Ira,800001078,63.71,5.47,132,Cloud  Linux  Docker  APIs,Smart Meter  Health Band,Technical Quiz Winner  Seminar Speaker,57.37,Not Ready,51.32,Not Eligible,1,Middle,Weak academic profile with Data Science specialization.,avatar-6
1079,S-2026-1079,Dev Khan,Female,2001-07-25,24,AI and ML,7,C,900001079,dev.khan@college.edu,Campus Hostel C,Guardian Dev,800001079,64.54,8.13,154,Cybersecurity  Networks  Python  Bash,Traffic Analyzer  Hostel Desk,Hackathon Finalist  Dean List,84.15,Ready,74.72,Not Eligible,0,High,Weak academic profile with AI and ML specialization.,avatar-7
1080,S-2026-1080,Tara Bose,Male,2002-08-26,23,Electrical,8,D,900001080,tara.bose@college.edu,Campus Hostel D,Guardian Tara,800001080,80.63,7.52,176,Analytics  Excel  SQL  Tableau,Lab Inventory  Notice Hub,Best Project  Coding Club,67.1,Developing,58.25,Not Eligible,2,Middle,Average academic profile with Electrical specialization.,avatar-8
1081,S-2026-1081,Neel Sharma,Other,2003-09-27,22,Computer Science,1,A,900001081,neel.sharma@college.edu,Campus Hostel A,Guardian Neel,800001081,74.24,9.39,22,Java  JavaFX  DSA  SQL,Attendance AI  Risk Predictor,Research Poster  Sports Medal,94.91,Ready,100.0,Not Eligible,0,Low,Average academic profile with Computer Science specialization.,avatar-9
1082,S-2026-1082,Aisha Rao,Female,2004-10-01,21,Information Technology,2,B,900001082,aisha.rao@college.edu,Campus Hostel B,Guardian Aisha,800001082,61.57,7.35,44,Python  ML  Data Analysis  Git,Smart Meter  Health Band,Open Source Contributor  Mentor,54.1,Not Ready,32.04,Not Eligible,3,High,Weak academic profile with Information Technology specialization.,avatar-10
1083,S-2026-1083,Kunal Menon,Male,2005-11-02,20,Electronics,3,C,900001083,kunal.menon@college.edu,Campus Hostel C,Guardian Kunal,800001083,83.12,6.99,66,React  Java  Testing  UI Design,Traffic Analyzer  Hostel Desk,Innovation Award  Volunteer Lead,55.89,Not Ready,42.39,Not Eligible,3,Middle,Average academic profile with Electronics specialization.,avatar-11
1084,S-2026-1084,Maya Iyer,Other,2006-12-03,19,Mechanical,4,D,900001084,maya.iyer@college.edu,Campus Hostel D,Guardian Maya,800001084,70.01,8.06,88,IoT  C  PCB  Sensors,Lab Inventory  Notice Hub,Technical Quiz Winner  Seminar Speaker,84.76,Ready,84.98,Not Eligible,0,Middle,Average academic profile with Mechanical specialization.,avatar-12
1085,S-2026-1085,Rohan Joshi,Female,2000-01-04,26,Civil,5,A,900001085,rohan.joshi@college.edu,Campus Hostel A,Guardian Rohan,800001085,76.64,6.27,110,CAD  Robotics  Simulation  MATLAB,Attendance AI  Risk Predictor,Hackathon Finalist  Dean List,57.55,Not Ready,37.66,Not Eligible,2,High,Average academic profile with Civil specialization.,avatar-1
1086,S-2026-1086,Sara Shetty,Male,2001-02-05,25,Data Science,6,B,900001086,sara.shetty@college.edu,Campus Hostel B,Guardian Sara,800001086,95.35,6.12,132,Cloud  Linux  Docker  APIs,Smart Meter  Health Band,Best Project  Coding Club,60.24,Developing,59.26,Not Eligible,2,Low,Weak academic profile with Data Science specialization.,avatar-2
1087,S-2026-1087,Yash Kulkarni,Other,2002-03-06,24,AI and ML,7,C,900001087,yash.kulkarni@college.edu,Campus Hostel C,Guardian Yash,800001087,78.29,8.37,154,Cybersecurity  Networks  Python  Bash,Traffic Analyzer  Hostel Desk,Research Poster  Sports Medal,88.58,Ready,88.7,Eligible,0,Middle,Good academic profile with AI and ML specialization.,avatar-3
1088,S-2026-1088,Kiara Nair,Female,2003-04-07,23,Electrical,8,D,900001088,kiara.nair@college.edu,Campus Hostel D,Guardian Kiara,800001088,85.76,8.31,176,Analytics  Excel  SQL  Tableau,Lab Inventory  Notice Hub,Open Source Contributor  Mentor,89.66,Ready,79.34,Eligible,0,High,Good academic profile with Electrical specialization.,avatar-4
1089,S-2026-1089,Om Chopra,Male,2004-05-08,22,Computer Science,1,A,900001089,om.chopra@college.edu,Campus Hostel A,Guardian Om,800001089,84.11,6.51,22,Java  JavaFX  DSA  SQL,Attendance AI  Risk Predictor,Innovation Award  Volunteer Lead,60.73,Developing,50.7,Not Eligible,2,Middle,Average academic profile with Computer Science specialization.,avatar-5
1090,S-2026-1090,Avni Desai,Other,2005-06-09,21,Information Technology,2,B,900001090,avni.desai@college.edu,Campus Hostel B,Guardian Avni,800001090,88.7,8.76,44,Python  ML  Data Analysis  Git,Smart Meter  Health Band,Technical Quiz Winner  Seminar Speaker,93.39,Ready,93.39,Eligible,0,Middle,Excellent academic profile with Information Technology specialization.,avatar-6
1091,S-2026-1091,Aarav Pillai,Female,2006-07-10,19,Electronics,3,C,900001091,aarav.pillai@college.edu,Campus Hostel C,Guardian Aarav,800001091,78.81,6.89,66,React  Java  Testing  UI Design,Traffic Analyzer  Hostel Desk,Hackathon Finalist  Dean List,54.33,Not Ready,50.94,Not Eligible,3,Low,Average academic profile with Electronics specialization.,avatar-7
1092,S-2026-1092,Aarohi Naik,Male,2000-08-11,25,Mechanical,4,D,900001092,aarohi.naik@college.edu,Campus Hostel D,Guardian Aarohi,800001092,61.89,5.74,88,IoT  C  PCB  Sensors,Lab Inventory  Notice Hub,Best Project  Coding Club,66.89,Developing,65.2,Not Eligible,0,Middle,Weak academic profile with Mechanical specialization.,avatar-8
1093,S-2026-1093,Vivaan Mehta,Other,2001-09-12,24,Civil,5,A,900001093,vivaan.mehta@college.edu,Campus Hostel A,Guardian Vivaan,800001093,83.87,8.63,110,CAD  Robotics  Simulation  MATLAB,Attendance AI  Risk Predictor,Research Poster  Sports Medal,91.52,Ready,91.62,Eligible,0,Middle,Good academic profile with Civil specialization.,avatar-9
1094,S-2026-1094,Anaya Kapoor,Female,2002-10-13,23,Data Science,6,B,900001094,anaya.kapoor@college.edu,Campus Hostel B,Guardian Anaya,800001094,71.68,7.48,132,Cloud  Linux  Docker  APIs,Smart Meter  Health Band,Open Source Contributor  Mentor,81.03,Ready,70.59,Not Eligible,0,High,Average academic profile with Data Science specialization.,avatar-10
1095,S-2026-1095,Aditya Jain,Male,2003-11-14,22,AI and ML,7,C,900001095,aditya.jain@college.edu,Campus Hostel C,Guardian Aditya,800001095,65.15,6.76,154,Cybersecurity  Networks  Python  Bash,Traffic Analyzer  Hostel Desk,Innovation Award  Volunteer Lead,66.68,Developing,61.85,Not Eligible,1,Middle,Average academic profile with AI and ML specialization.,avatar-11
1096,S-2026-1096,Diya Patil,Other,2004-12-15,21,Electrical,8,D,900001096,diya.patil@college.edu,Campus Hostel D,Guardian Diya,800001096,82.35,6.83,176,Analytics  Excel  SQL  Tableau,Lab Inventory  Notice Hub,Technical Quiz Winner  Seminar Speaker,62.61,Developing,62.99,Not Eligible,2,Low,Average academic profile with Electrical specialization.,avatar-12
1097,S-2026-1097,Ishaan Gupta,Female,2005-01-16,21,Computer Science,1,A,900001097,ishaan.gupta@college.edu,Campus Hostel A,Guardian Ishaan,800001097,56.06,6.27,22,Java  JavaFX  DSA  SQL,Attendance AI  Risk Predictor,Hackathon Finalist  Dean List,53.44,Not Ready,34.57,Not Eligible,2,High,Weak academic profile with Computer Science specialization.,avatar-1
1098,S-2026-1098,Meera Saxena,Male,2006-02-17,20,Information Technology,2,B,900001098,meera.saxena@college.edu,Campus Hostel B,Guardian Meera,800001098,61.82,6.72,44,Python  ML  Data Analysis  Git,Smart Meter  Health Band,Best Project  Coding Club,57.74,Not Ready,49.03,Not Eligible,2,Middle,Weak academic profile with Information Technology specialization.,avatar-2
1099,S-2026-1099,Kabir Khan,Other,2000-03-18,26,Electronics,3,C,900001099,kabir.khan@college.edu,Campus Hostel C,Guardian Kabir,800001099,99.0,9.35,66,React  Java  Testing  UI Design,Traffic Analyzer  Hostel Desk,Research Poster  Sports Medal,99.58,Ready,99.65,Eligible,0,Middle,Excellent academic profile with Electronics specialization.,avatar-3
1100,S-2026-1100,Nisha Bose,Female,2001-04-19,25,Mechanical,4,D,900001100,nisha.bose@college.edu,Campus Hostel D,Guardian Nisha,800001100,84.27,5.78,88,IoT  C  PCB  Sensors,Lab Inventory  Notice Hub,Open Source Contributor  Mentor,63.65,Developing,46.88,Not Eligible,1,High,Weak academic profile with Mechanical specialization.,avatar-4
1101,S-2026-1101,Pranit Sharma,Male,2002-05-20,24,Civil,5,A,900001101,pranit.sharma@college.edu,Campus Hostel A,Guardian Pranit,800001101,81.3,7.19,110,CAD  Robotics  Simulation  MATLAB,Attendance AI  Risk Predictor,Innovation Award  Volunteer Lead,80.92,Ready,89.72,Not Eligible,0,Low,Average academic profile with Civil specialization.,avatar-5
1102,S-2026-1102,Prakash Rao,Other,2003-06-21,23,Data Science,6,B,900001102,prakash.rao@college.edu,Campus Hostel B,Guardian Prakash,800001102,60.12,5.33,132,Cloud  Linux  Docker  APIs,Smart Meter  Health Band,Technical Quiz Winner  Seminar Speaker,55.67,Not Ready,49.66,Not Eligible,1,Middle,Weak academic profile with Data Science specialization.,avatar-6
1103,S-2026-1103,Prasad Menon,Female,2004-07-22,21,AI and ML,7,C,900001103,prasad.menon@college.edu,Campus Hostel C,Guardian Prasad,800001103,81.0,6.48,154,Cybersecurity  Networks  Python  Bash,Traffic Analyzer  Hostel Desk,Hackathon Finalist  Dean List,67.89,Developing,51.99,Not Eligible,1,High,Average academic profile with AI and ML specialization.,avatar-7
1104,S-2026-1104,Pranav Iyer,Male,2005-08-23,20,Electrical,8,D,900001104,pranav.iyer@college.edu,Campus Hostel D,Guardian Pranav,800001104,84.96,9.05,176,Analytics  Excel  SQL  Tableau,Lab Inventory  Notice Hub,Best Project  Coding Club,94.68,Ready,95.14,Eligible,0,Middle,Good academic profile with Electrical specialization.,avatar-8
1105,S-2026-1105,Riya Joshi,Other,2006-09-24,19,Computer Science,1,A,900001105,riya.joshi@college.edu,Campus Hostel A,Guardian Riya,800001105,88.67,7.71,22,Java  JavaFX  DSA  SQL,Attendance AI  Risk Predictor,Research Poster  Sports Medal,70.04,Developing,60.98,Not Eligible,2,Middle,Average academic profile with Computer Science specialization.,avatar-9
1106,S-2026-1106,Saanvi Shetty,Female,2000-10-25,25,Information Technology,2,B,900001106,saanvi.shetty@college.edu,Campus Hostel B,Guardian Saanvi,800001106,75.92,9.9,44,Python  ML  Data Analysis  Git,Smart Meter  Health Band,Open Source Contributor  Mentor,98.82,Ready,100.0,Eligible,0,Low,Good academic profile with Information Technology specialization.,avatar-10
1107,S-2026-1107,Arjun Kulkarni,Male,2001-11-26,24,Electronics,3,C,900001107,arjun.kulkarni@college.edu,Campus Hostel C,Guardian Arjun,800001107,99.0,8.51,66,React  Java  Testing  UI Design,Traffic Analyzer  Hostel Desk,Innovation Award  Volunteer Lead,93.7,Ready,92.93,Eligible,0,Middle,Excellent academic profile with Electronics specialization.,avatar-11
1108,S-2026-1108,Ira Nair,Other,2002-12-27,23,Mechanical,4,D,900001108,ira.nair@college.edu,Campus Hostel D,Guardian Ira,800001108,91.18,8.29,88,IoT  C  PCB  Sensors,Lab Inventory  Notice Hub,Technical Quiz Winner  Seminar Speaker,90.6,Ready,90.0,Eligible,0,Middle,Good academic profile with Mechanical specialization.,avatar-12
1109,S-2026-1109,Dev Chopra,Female,2003-01-01,23,Civil,5,A,900001109,dev.chopra@college.edu,Campus Hostel A,Guardian Dev,800001109,81.64,5.82,110,CAD  Robotics  Simulation  MATLAB,Attendance AI  Risk Predictor,Hackathon Finalist  Dean List,71.4,Developing,58.81,Not Eligible,0,High,Weak academic profile with Civil specialization.,avatar-1
1110,S-2026-1110,Tara Desai,Male,2004-02-02,22,Data Science,6,B,900001110,tara.desai@college.edu,Campus Hostel B,Guardian Tara,800001110,63.24,9.27,132,Cloud  Linux  Docker  APIs,Smart Meter  Health Band,Best Project  Coding Club,91.87,Ready,93.65,Not Eligible,0,Middle,Weak academic profile with Data Science specialization.,avatar-2
1111,S-2026-1111,Neel Pillai,Other,2005-03-03,21,AI and ML,7,C,900001111,neel.pillai@college.edu,Campus Hostel C,Guardian Neel,800001111,86.92,9.23,154,Cybersecurity  Networks  Python  Bash,Traffic Analyzer  Hostel Desk,Research Poster  Sports Medal,96.33,Ready,100.0,Eligible,0,Low,Excellent academic profile with AI and ML specialization.,avatar-3
1112,S-2026-1112,Aisha Naik,Female,2006-04-04,20,Electrical,8,D,900001112,aisha.naik@college.edu,Campus Hostel D,Guardian Aisha,800001112,54.66,5.4,176,Analytics  Excel  SQL  Tableau,Lab Inventory  Notice Hub,Open Source Contributor  Mentor,55.07,Not Ready,39.4,Not Eligible,1,High,Weak academic profile with Electrical specialization.,avatar-4
1113,S-2026-1113,Kunal Mehta,Male,2000-05-05,26,Computer Science,1,A,900001113,kunal.mehta@college.edu,Campus Hostel A,Guardian Kunal,800001113,89.74,6.93,22,Java  JavaFX  DSA  SQL,Attendance AI  Risk Predictor,Innovation Award  Volunteer Lead,56.79,Not Ready,42.9,Not Eligible,3,Middle,Average academic profile with Computer Science specialization.,avatar-5
1114,S-2026-1114,Maya Kapoor,Other,2001-06-06,25,Information Technology,2,B,900001114,maya.kapoor@college.edu,Campus Hostel B,Guardian Maya,800001114,99.0,9.95,44,Python  ML  Data Analysis  Git,Smart Meter  Health Band,Technical Quiz Winner  Seminar Speaker,100.0,Ready,100.0,Eligible,0,Middle,Excellent academic profile with Information Technology specialization.,avatar-6
1115,S-2026-1115,Rohan Jain,Female,2002-07-07,24,Electronics,3,C,900001115,rohan.jain@college.edu,Campus Hostel C,Guardian Rohan,800001115,95.61,7.6,66,React  Java  Testing  UI Design,Traffic Analyzer  Hostel Desk,Hackathon Finalist  Dean List,78.66,Ready,63.14,Not Eligible,1,High,Good academic profile with Electronics specialization.,avatar-7
1116,S-2026-1116,Sara Patil,Male,2003-08-08,22,Mechanical,4,D,900001116,sara.patil@college.edu,Campus Hostel D,Guardian Sara,800001116,99.0,9.92,88,IoT  C  PCB  Sensors,Lab Inventory  Notice Hub,Best Project  Coding Club,100.0,Ready,100.0,Eligible,0,Low,Excellent academic profile with Mechanical specialization.,avatar-8
1117,S-2026-1117,Yash Gupta,Other,2004-09-09,21,Civil,5,A,900001117,yash.gupta@college.edu,Campus Hostel A,Guardian Yash,800001117,99.0,9.38,110,CAD  Robotics  Simulation  MATLAB,Attendance AI  Risk Predictor,Research Poster  Sports Medal,99.79,Ready,99.89,Eligible,0,Middle,Excellent academic profile with Civil specialization.,avatar-9
1118,S-2026-1118,Kiara Saxena,Female,2005-10-10,20,Data Science,6,B,900001118,kiara.saxena@college.edu,Campus Hostel B,Guardian Kiara,800001118,91.65,6.82,132,Cloud  Linux  Docker  APIs,Smart Meter  Health Band,Open Source Contributor  Mentor,72.4,Developing,56.31,Not Eligible,1,High,Average academic profile with Data Science specialization.,avatar-10
1119,S-2026-1119,Om Khan,Male,2006-11-11,19,AI and ML,7,C,900001119,om.khan@college.edu,Campus Hostel C,Guardian Om,800001119,96.51,7.71,154,Cybersecurity  Networks  Python  Bash,Traffic Analyzer  Hostel Desk,Innovation Award  Volunteer Lead,87.61,Ready,86.16,Eligible,0,Middle,Good academic profile with AI and ML specialization.,avatar-11
1120,S-2026-1120,Avni Bose,Other,2000-12-12,25,Electrical,8,D,900001120,avni.bose@college.edu,Campus Hostel D,Guardian Avni,800001120,90.62,9.82,176,Analytics  Excel  SQL  Tableau,Lab Inventory  Notice Hub,Technical Quiz Winner  Seminar Speaker,100.0,Ready,100.0,Eligible,0,Middle,Excellent academic profile with Electrical specialization.,avatar-12
1121,S-2026-1121,Aarav Sharma,Female,2001-01-13,25,Computer Science,1,A,900001121,aarav.sharma@college.edu,Campus Hostel A,Guardian Aarav,800001121,71.45,6.13,22,Java  JavaFX  DSA  SQL,Attendance AI  Risk Predictor,Hackathon Finalist  Dean List,71.53,Developing,79.76,Not Eligible,0,Low,Weak academic profile with Computer Science specialization.,avatar-1
1122,S-2026-1122,Aarohi Rao,Male,2002-02-14,24,Information Technology,2,B,900001122,aarohi.rao@college.edu,Campus Hostel B,Guardian Aarohi,800001122,86.72,8.08,44,Python  ML  Data Analysis  Git,Smart Meter  Health Band,Best Project  Coding Club,88.24,Ready,87.65,Eligible,0,Middle,Good academic profile with Information Technology specialization.,avatar-2
1123,S-2026-1123,Vivaan Menon,Other,2003-03-15,23,Electronics,3,C,900001123,vivaan.menon@college.edu,Campus Hostel C,Guardian Vivaan,800001123,83.02,5.93,66,React  Java  Testing  UI Design,Traffic Analyzer  Hostel Desk,Research Poster  Sports Medal,64.45,Developing,57.89,Not Eligible,1,Middle,Weak academic profile with Electronics specialization.,avatar-3
1124,S-2026-1124,Anaya Iyer,Female,2004-04-16,22,Mechanical,4,D,900001124,anaya.iyer@college.edu,Campus Hostel D,Guardian Anaya,800001124,77.82,6.39,88,IoT  C  PCB  Sensors,Lab Inventory  Notice Hub,Open Source Contributor  Mentor,58.63,Not Ready,38.79,Not Eligible,2,High,Average academic profile with Mechanical specialization.,avatar-4
1125,S-2026-1125,Aditya Joshi,Male,2005-05-17,21,Civil,5,A,900001125,aditya.joshi@college.edu,Campus Hostel A,Guardian Aditya,800001125,65.36,6.6,110,CAD  Robotics  Simulation  MATLAB,Attendance AI  Risk Predictor,Innovation Award  Volunteer Lead,73.61,Developing,72.6,Not Eligible,0,Middle,Average academic profile with Civil specialization.,avatar-5
1126,S-2026-1126,Diya Shetty,Other,2006-06-18,20,Data Science,6,B,900001126,diya.shetty@college.edu,Campus Hostel B,Guardian Diya,800001126,63.66,8.15,132,Cloud  Linux  Docker  APIs,Smart Meter  Health Band,Technical Quiz Winner  Seminar Speaker,84.12,Ready,94.75,Not Eligible,0,Low,Weak academic profile with Data Science specialization.,avatar-6
1127,S-2026-1127,Ishaan Kulkarni,Female,2000-07-19,25,AI and ML,7,C,900001127,ishaan.kulkarni@college.edu,Campus Hostel C,Guardian Ishaan,800001127,97.87,8.07,154,Cybersecurity  Networks  Python  Bash,Traffic Analyzer  Hostel Desk,Hackathon Finalist  Dean List,90.4,Ready,79.24,Eligible,0,High,Good academic profile with AI and ML specialization.,avatar-7
1128,S-2026-1128,Meera Nair,Male,2001-08-20,24,Electrical,8,D,900001128,meera.nair@college.edu,Campus Hostel D,Guardian Meera,800001128,58.74,5.4,176,Analytics  Excel  SQL  Tableau,Lab Inventory  Notice Hub,Best Project  Coding Club,39.88,Not Ready,26.01,Not Eligible,3,Middle,Weak academic profile with Electrical specialization.,avatar-8
1129,S-2026-1129,Kabir Chopra,Other,2002-09-21,23,Computer Science,1,A,900001129,kabir.chopra@college.edu,Campus Hostel A,Guardian Kabir,800001129,63.14,5.97,22,Java  JavaFX  DSA  SQL,Attendance AI  Risk Predictor,Research Poster  Sports Medal,68.75,Developing,67.23,Not Eligible,0,Middle,Weak academic profile with Computer Science specialization.,avatar-9
1130,S-2026-1130,Nisha Desai,Female,2003-10-22,22,Information Technology,2,B,900001130,nisha.desai@college.edu,Campus Hostel B,Guardian Nisha,800001130,82.0,6.82,44,Python  ML  Data Analysis  Git,Smart Meter  Health Band,Open Source Contributor  Mentor,62.47,Developing,42.86,Not Eligible,2,High,Average academic profile with Information Technology specialization.,avatar-10
1131,S-2026-1131,Pranit Pillai,Male,2004-11-23,21,Electronics,3,C,900001131,pranit.pillai@college.edu,Campus Hostel C,Guardian Pranit,800001131,77.87,9.2,66,React  Java  Testing  UI Design,Traffic Analyzer  Hostel Desk,Innovation Award  Volunteer Lead,94.31,Ready,100.0,Eligible,0,Low,Good academic profile with Electronics specialization.,avatar-11
1132,S-2026-1132,Prakash Naik,Other,2005-12-24,20,Mechanical,4,D,900001132,prakash.naik@college.edu,Campus Hostel D,Guardian Prakash,800001132,89.22,5.44,88,IoT  C  PCB  Sensors,Lab Inventory  Notice Hub,Technical Quiz Winner  Seminar Speaker,70.26,Developing,66.9,Not Eligible,0,Middle,Weak academic profile with Mechanical specialization.,avatar-12
1133,S-2026-1133,Prasad Mehta,Female,2006-01-25,20,Civil,5,A,900001133,prasad.mehta@college.edu,Campus Hostel A,Guardian Prasad,800001133,92.66,7.84,110,CAD  Robotics  Simulation  MATLAB,Attendance AI  Risk Predictor,Hackathon Finalist  Dean List,63.75,Developing,40.62,Not Eligible,3,High,Average academic profile with Civil specialization.,avatar-1
1134,S-2026-1134,Pranav Kapoor,Male,2000-02-26,26,Data Science,6,B,900001134,pranav.kapoor@college.edu,Campus Hostel B,Guardian Pranav,800001134,72.05,9.66,132,Cloud  Linux  Docker  APIs,Smart Meter  Health Band,Best Project  Coding Club,96.36,Ready,98.09,Not Eligible,0,Middle,Average academic profile with Data Science specialization.,avatar-2
1135,S-2026-1135,Riya Jain,Other,2001-03-27,25,AI and ML,7,C,900001135,riya.jain@college.edu,Campus Hostel C,Guardian Riya,800001135,60.47,6.41,154,Cybersecurity  Networks  Python  Bash,Traffic Analyzer  Hostel Desk,Research Poster  Sports Medal,55.3,Not Ready,46.35,Not Eligible,2,Middle,Weak academic profile with AI and ML specialization.,avatar-3
1136,S-2026-1136,Saanvi Patil,Female,2002-04-01,24,Electrical,8,D,900001136,saanvi.patil@college.edu,Campus Hostel D,Guardian Saanvi,800001136,89.08,8.37,176,Analytics  Excel  SQL  Tableau,Lab Inventory  Notice Hub,Open Source Contributor  Mentor,90.74,Ready,100.0,Eligible,0,Low,Good academic profile with Electrical specialization.,avatar-4
1137,S-2026-1137,Arjun Gupta,Male,2003-05-02,23,Computer Science,1,A,900001137,arjun.gupta@college.edu,Campus Hostel A,Guardian Arjun,800001137,80.89,9.56,22,Java  JavaFX  DSA  SQL,Attendance AI  Risk Predictor,Innovation Award  Volunteer Lead,97.43,Ready,98.61,Eligible,0,Middle,Good academic profile with Computer Science specialization.,avatar-5
1138,S-2026-1138,Ira Saxena,Other,2004-06-03,22,Information Technology,2,B,900001138,ira.saxena@college.edu,Campus Hostel B,Guardian Ira,800001138,99.0,9.43,44,Python  ML  Data Analysis  Git,Smart Meter  Health Band,Technical Quiz Winner  Seminar Speaker,100.0,Ready,100.0,Eligible,0,Middle,Excellent academic profile with Information Technology specialization.,avatar-6
1139,S-2026-1139,Dev Khan,Female,2005-07-04,21,Electronics,3,C,900001139,dev.khan@college.edu,Campus Hostel C,Guardian Dev,800001139,72.04,6.0,66,React  Java  Testing  UI Design,Traffic Analyzer  Hostel Desk,Hackathon Finalist  Dean List,70.74,Developing,58.81,Not Eligible,0,High,Weak academic profile with Electronics specialization.,avatar-7
1140,S-2026-1140,Tara Bose,Male,2006-08-05,19,Mechanical,4,D,900001140,tara.bose@college.edu,Campus Hostel D,Guardian Tara,800001140,72.34,7.14,88,IoT  C  PCB  Sensors,Lab Inventory  Notice Hub,Best Project  Coding Club,54.78,Not Ready,41.97,Not Eligible,3,Middle,Average academic profile with Mechanical specialization.,avatar-8
1141,S-2026-1141,Neel Sharma,Other,2000-09-06,25,Civil,5,A,900001141,neel.sharma@college.edu,Campus Hostel A,Guardian Neel,800001141,88.62,5.56,110,CAD  Robotics  Simulation  MATLAB,Attendance AI  Risk Predictor,Research Poster  Sports Medal,54.98,Not Ready,53.77,Not Eligible,2,Low,Weak academic profile with Civil specialization.,avatar-9
1142,S-2026-1142,Aisha Rao,Female,2001-10-07,24,Data Science,6,B,900001142,aisha.rao@college.edu,Campus Hostel B,Guardian Aisha,800001142,84.44,6.91,132,Cloud  Linux  Docker  APIs,Smart Meter  Health Band,Open Source Contributor  Mentor,63.59,Developing,43.95,Not Eligible,2,High,Average academic profile with Data Science specialization.,avatar-10
1143,S-2026-1143,Kunal Menon,Male,2002-11-08,23,AI and ML,7,C,900001143,kunal.menon@college.edu,Campus Hostel C,Guardian Kunal,800001143,70.88,7.63,154,Cybersecurity  Networks  Python  Bash,Traffic Analyzer  Hostel Desk,Innovation Award  Volunteer Lead,81.92,Ready,81.67,Not Eligible,0,Middle,Average academic profile with AI and ML specialization.,avatar-11
1144,S-2026-1144,Maya Iyer,Other,2003-12-09,22,Electrical,8,D,900001144,maya.iyer@college.edu,Campus Hostel D,Guardian Maya,800001144,85.07,6.46,176,Analytics  Excel  SQL  Tableau,Lab Inventory  Notice Hub,Technical Quiz Winner  Seminar Speaker,52.57,Not Ready,38.44,Not Eligible,3,Middle,Average academic profile with Electrical specialization.,avatar-12
1145,S-2026-1145,Rohan Joshi,Female,2004-01-10,22,Computer Science,1,A,900001145,rohan.joshi@college.edu,Campus Hostel A,Guardian Rohan,800001145,84.25,8.4,22,Java  JavaFX  DSA  SQL,Attendance AI  Risk Predictor,Hackathon Finalist  Dean List,89.98,Ready,79.84,Eligible,0,High,Good academic profile with Computer Science specialization.,avatar-1
1146,S-2026-1146,Sara Shetty,Male,2005-02-11,21,Information Technology,2,B,900001146,sara.shetty@college.edu,Campus Hostel B,Guardian Sara,800001146,89.14,8.13,44,Python  ML  Data Analysis  Git,Smart Meter  Health Band,Best Project  Coding Club,89.07,Ready,98.41,Eligible,0,Low,Good academic profile with Information Technology specialization.,avatar-2
1147,S-2026-1147,Yash Kulkarni,Other,2006-03-12,20,Electronics,3,C,900001147,yash.kulkarni@college.edu,Campus Hostel C,Guardian Yash,800001147,82.61,8.6,66,React  Java  Testing  UI Design,Traffic Analyzer  Hostel Desk,Research Poster  Sports Medal,91.06,Ready,91.19,Eligible,0,Middle,Good academic profile with Electronics specialization.,avatar-3
1148,S-2026-1148,Kiara Nair,Female,2000-04-13,26,Mechanical,4,D,900001148,kiara.nair@college.edu,Campus Hostel D,Guardian Kiara,800001148,71.17,8.58,88,IoT  C  PCB  Sensors,Lab Inventory  Notice Hub,Open Source Contributor  Mentor,88.63,Ready,79.32,Not Eligible,0,High,Average academic profile with Mechanical specialization.,avatar-4
1149,S-2026-1149,Om Chopra,Male,2001-05-14,25,Civil,5,A,900001149,om.chopra@college.edu,Campus Hostel A,Guardian Om,800001149,78.69,6.31,110,CAD  Robotics  Simulation  MATLAB,Attendance AI  Risk Predictor,Innovation Award  Volunteer Lead,58.24,Not Ready,48.28,Not Eligible,2,Middle,Average academic profile with Civil specialization.,avatar-5
1150,S-2026-1150,Avni Desai,Other,2002-06-15,24,Data Science,6,B,900001150,avni.desai@college.edu,Campus Hostel B,Guardian Avni,800001150,69.88,6.17,132,Cloud  Linux  Docker  APIs,Smart Meter  Health Band,Technical Quiz Winner  Seminar Speaker,55.5,Not Ready,45.84,Not Eligible,2,Middle,Weak academic profile with Data Science specialization.,avatar-6
1151,S-2026-1151,Aarav Pillai,Female,2003-07-16,22,AI and ML,7,C,900001151,aarav.pillai@college.edu,Campus Hostel C,Guardian Aarav,800001151,70.68,9.95,154,Cybersecurity  Networks  Python  Bash,Traffic Analyzer  Hostel Desk,Hackathon Finalist  Dean List,98.12,Ready,100.0,Not Eligible,0,Low,Average academic profile with AI and ML specialization.,avatar-7
1152,S-2026-1152,Aarohi Naik,Male,2004-08-17,21,Electrical,8,D,900001152,aarohi.naik@college.edu,Campus Hostel D,Guardian Aarohi,800001152,91.63,7.03,176,Analytics  Excel  SQL  Tableau,Lab Inventory  Notice Hub,Best Project  Coding Club,65.87,Developing,55.98,Not Eligible,2,Middle,Average academic profile with Electrical specialization.,avatar-8
1153,S-2026-1153,Vivaan Mehta,Other,2005-09-18,20,Computer Science,1,A,900001153,vivaan.mehta@college.edu,Campus Hostel A,Guardian Vivaan,800001153,84.58,7.44,22,Java  JavaFX  DSA  SQL,Attendance AI  Risk Predictor,Research Poster  Sports Medal,83.33,Ready,82.21,Not Eligible,0,Middle,Average academic profile with Computer Science specialization.,avatar-9
1154,S-2026-1154,Anaya Kapoor,Female,2006-10-19,19,Information Technology,2,B,900001154,anaya.kapoor@college.edu,Campus Hostel B,Guardian Anaya,800001154,89.06,8.93,44,Python  ML  Data Analysis  Git,Smart Meter  Health Band,Open Source Contributor  Mentor,94.66,Ready,84.8,Eligible,0,High,Excellent academic profile with Information Technology specialization.,avatar-10
1155,S-2026-1155,Aditya Jain,Male,2000-11-20,25,Electronics,3,C,900001155,aditya.jain@college.edu,Campus Hostel C,Guardian Aditya,800001155,62.46,6.74,66,React  Java  Testing  UI Design,Traffic Analyzer  Hostel Desk,Innovation Award  Volunteer Lead,66.01,Developing,61.29,Not Eligible,1,Middle,Weak academic profile with Electronics specialization.,avatar-11
1156,S-2026-1156,Diya Patil,Other,2001-12-21,24,Mechanical,4,D,900001156,diya.patil@college.edu,Campus Hostel D,Guardian Diya,800001156,68.64,9.09,88,IoT  C  PCB  Sensors,Lab Inventory  Notice Hub,Technical Quiz Winner  Seminar Speaker,91.69,Ready,100.0,Not Eligible,0,Low,Average academic profile with Mechanical specialization.,avatar-12
1157,S-2026-1157,Ishaan Gupta,Female,2002-01-22,24,Civil,5,A,900001157,ishaan.gupta@college.edu,Campus Hostel A,Guardian Ishaan,800001157,84.58,9.71,110,CAD  Robotics  Simulation  MATLAB,Attendance AI  Risk Predictor,Hackathon Finalist  Dean List,99.22,Ready,90.37,Eligible,0,High,Good academic profile with Civil specialization.,avatar-1
1158,S-2026-1158,Meera Saxena,Male,2003-02-23,23,Data Science,6,B,900001158,meera.saxena@college.edu,Campus Hostel B,Guardian Meera,800001158,60.44,5.87,132,Cloud  Linux  Docker  APIs,Smart Meter  Health Band,Best Project  Coding Club,43.51,Not Ready,30.03,Not Eligible,3,Middle,Weak academic profile with Data Science specialization.,avatar-2
1159,S-2026-1159,Kabir Khan,Other,2004-03-24,22,AI and ML,7,C,900001159,kabir.khan@college.edu,Campus Hostel C,Guardian Kabir,800001159,54.25,6.33,154,Cybersecurity  Networks  Python  Bash,Traffic Analyzer  Hostel Desk,Research Poster  Sports Medal,69.49,Developing,68.78,Not Eligible,0,Middle,Weak academic profile with AI and ML specialization.,avatar-3
1160,S-2026-1160,Nisha Bose,Female,2005-04-25,21,Electrical,8,D,900001160,nisha.bose@college.edu,Campus Hostel D,Guardian Nisha,800001160,83.93,7.92,176,Analytics  Excel  SQL  Tableau,Lab Inventory  Notice Hub,Open Source Contributor  Mentor,86.56,Ready,75.95,Eligible,0,High,Good academic profile with Electrical specialization.,avatar-4
1161,S-2026-1161,Pranit Sharma,Male,2006-05-26,20,Computer Science,1,A,900001161,pranit.sharma@college.edu,Campus Hostel A,Guardian Pranit,800001161,65.43,8.12,22,Java  JavaFX  DSA  SQL,Attendance AI  Risk Predictor,Innovation Award  Volunteer Lead,84.26,Ready,94.77,Not Eligible,0,Low,Average academic profile with Computer Science specialization.,avatar-5
1162,S-2026-1162,Prakash Rao,Other,2000-06-27,26,Information Technology,2,B,900001162,prakash.rao@college.edu,Campus Hostel B,Guardian Prakash,800001162,87.51,6.25,44,Python  ML  Data Analysis  Git,Smart Meter  Health Band,Technical Quiz Winner  Seminar Speaker,67.59,Developing,61.13,Not Eligible,1,Middle,Average academic profile with Information Technology specialization.,avatar-6
1163,S-2026-1163,Prasad Menon,Female,2001-07-01,25,Electronics,3,C,900001163,prasad.menon@college.edu,Campus Hostel C,Guardian Prasad,800001163,80.57,6.13,66,React  Java  Testing  UI Design,Traffic Analyzer  Hostel Desk,Hackathon Finalist  Dean List,65.36,Developing,49.13,Not Eligible,1,High,Weak academic profile with Electronics specialization.,avatar-7
1164,S-2026-1164,Pranav Iyer,Male,2002-08-02,23,Mechanical,4,D,900001164,pranav.iyer@college.edu,Campus Hostel D,Guardian Pranav,800001164,65.96,9.45,88,IoT  C  PCB  Sensors,Lab Inventory  Notice Hub,Best Project  Coding Club,93.68,Ready,95.49,Not Eligible,0,Middle,Average academic profile with Mechanical specialization.,avatar-8
1165,S-2026-1165,Riya Joshi,Other,2003-09-03,22,Civil,5,A,900001165,riya.joshi@college.edu,Campus Hostel A,Guardian Riya,800001165,76.49,7.15,110,CAD  Robotics  Simulation  MATLAB,Attendance AI  Risk Predictor,Research Poster  Sports Medal,55.68,Not Ready,42.67,Not Eligible,3,Middle,Average academic profile with Civil specialization.,avatar-9
1166,S-2026-1166,Saanvi Shetty,Female,2004-10-04,21,Data Science,6,B,900001166,saanvi.shetty@college.edu,Campus Hostel B,Guardian Saanvi,800001166,71.01,6.72,132,Cloud  Linux  Docker  APIs,Smart Meter  Health Band,Open Source Contributor  Mentor,59.58,Not Ready,60.41,Not Eligible,2,Low,Average academic profile with Data Science specialization.,avatar-10
1167,S-2026-1167,Arjun Kulkarni,Male,2005-11-05,20,AI and ML,7,C,900001167,arjun.kulkarni@college.edu,Campus Hostel C,Guardian Arjun,800001167,57.06,7.29,154,Cybersecurity  Networks  Python  Bash,Traffic Analyzer  Hostel Desk,Innovation Award  Volunteer Lead,76.78,Ready,76.88,Not Eligible,0,Middle,Weak academic profile with AI and ML specialization.,avatar-11
1168,S-2026-1168,Ira Nair,Other,2006-12-06,19,Electrical,8,D,900001168,ira.nair@college.edu,Campus Hostel D,Guardian Ira,800001168,59.17,6.29,176,Analytics  Excel  SQL  Tableau,Lab Inventory  Notice Hub,Technical Quiz Winner  Seminar Speaker,46.2,Not Ready,33.2,Not Eligible,3,Middle,Weak academic profile with Electrical specialization.,avatar-12
1169,S-2026-1169,Dev Chopra,Female,2000-01-07,26,Computer Science,1,A,900001169,dev.chopra@college.edu,Campus Hostel A,Guardian Dev,800001169,55.08,6.12,22,Java  JavaFX  DSA  SQL,Attendance AI  Risk Predictor,Hackathon Finalist  Dean List,52.19,Not Ready,33.22,Not Eligible,2,High,Weak academic profile with Computer Science specialization.,avatar-1
1170,S-2026-1170,Tara Desai,Male,2001-02-08,25,Information Technology,2,B,900001170,tara.desai@college.edu,Campus Hostel B,Guardian Tara,800001170,88.21,7.68,44,Python  ML  Data Analysis  Git,Smart Meter  Health Band,Best Project  Coding Club,69.74,Developing,60.67,Not Eligible,2,Middle,Average academic profile with Information Technology specialization.,avatar-2
1171,S-2026-1171,Neel Pillai,Other,2002-03-09,24,Electronics,3,C,900001171,neel.pillai@college.edu,Campus Hostel C,Guardian Neel,800001171,83.42,9.0,66,React  Java  Testing  UI Design,Traffic Analyzer  Hostel Desk,Research Poster  Sports Medal,94.02,Ready,100.0,Eligible,0,Low,Good academic profile with Electronics specialization.,avatar-3
1172,S-2026-1172,Aisha Naik,Female,2003-04-10,23,Mechanical,4,D,900001172,aisha.naik@college.edu,Campus Hostel D,Guardian Aisha,800001172,78.23,5.48,88,IoT  C  PCB  Sensors,Lab Inventory  Notice Hub,Open Source Contributor  Mentor,52.34,Not Ready,31.57,Not Eligible,2,High,Weak academic profile with Mechanical specialization.,avatar-4
1173,S-2026-1173,Kunal Mehta,Male,2004-05-11,22,Civil,5,A,900001173,kunal.mehta@college.edu,Campus Hostel A,Guardian Kunal,800001173,72.23,6.51,110,CAD  Robotics  Simulation  MATLAB,Attendance AI  Risk Predictor,Innovation Award  Volunteer Lead,50.35,Not Ready,36.91,Not Eligible,3,Middle,Average academic profile with Civil specialization.,avatar-5
1174,S-2026-1174,Maya Kapoor,Other,2005-06-12,21,Data Science,6,B,900001174,maya.kapoor@college.edu,Campus Hostel B,Guardian Maya,800001174,77.18,5.82,132,Cloud  Linux  Docker  APIs,Smart Meter  Health Band,Technical Quiz Winner  Seminar Speaker,54.51,Not Ready,44.14,Not Eligible,2,Middle,Weak academic profile with Data Science specialization.,avatar-6
1175,S-2026-1175,Rohan Jain,Female,2006-07-13,19,AI and ML,7,C,900001175,rohan.jain@college.edu,Campus Hostel C,Guardian Rohan,800001175,95.88,6.69,154,Cybersecurity  Networks  Python  Bash,Traffic Analyzer  Hostel Desk,Hackathon Finalist  Dean List,56.34,Not Ready,31.9,Not Eligible,3,High,Average academic profile with AI and ML specialization.,avatar-7
1176,S-2026-1176,Sara Patil,Male,2000-08-14,25,Electrical,8,D,900001176,sara.patil@college.edu,Campus Hostel D,Guardian Sara,800001176,88.03,6.98,176,Analytics  Excel  SQL  Tableau,Lab Inventory  Notice Hub,Best Project  Coding Club,64.8,Developing,65.04,Not Eligible,2,Low,Average academic profile with Electrical specialization.,avatar-8
1177,S-2026-1177,Yash Gupta,Other,2001-09-15,24,Computer Science,1,A,900001177,yash.gupta@college.edu,Campus Hostel A,Guardian Yash,800001177,82.43,8.88,22,Java  JavaFX  DSA  SQL,Attendance AI  Risk Predictor,Research Poster  Sports Medal,92.98,Ready,93.4,Eligible,0,Middle,Good academic profile with Computer Science specialization.,avatar-9
1178,S-2026-1178,Kiara Saxena,Female,2002-10-16,23,Information Technology,2,B,900001178,kiara.saxena@college.edu,Campus Hostel B,Guardian Kiara,800001178,91.6,6.54,44,Python  ML  Data Analysis  Git,Smart Meter  Health Band,Open Source Contributor  Mentor,78.43,Ready,66.06,Not Eligible,0,High,Average academic profile with Information Technology specialization.,avatar-10
1179,S-2026-1179,Om Khan,Male,2003-11-17,22,Electronics,3,C,900001179,om.khan@college.edu,Campus Hostel C,Guardian Om,800001179,74.42,9.42,66,React  Java  Testing  UI Design,Traffic Analyzer  Hostel Desk,Innovation Award  Volunteer Lead,95.16,Ready,96.52,Not Eligible,0,Middle,Average academic profile with Electronics specialization.,avatar-11
1180,S-2026-1180,Avni Bose,Other,2004-12-18,21,Mechanical,4,D,900001180,avni.bose@college.edu,Campus Hostel D,Guardian Avni,800001180,99.0,8.22,88,IoT  C  PCB  Sensors,Lab Inventory  Notice Hub,Technical Quiz Winner  Seminar Speaker,91.67,Ready,90.61,Eligible,0,Middle,Good academic profile with Mechanical specialization.,avatar-12
1181,S-2026-1181,Aarav Sharma,Female,2005-01-19,21,Civil,5,A,900001181,aarav.sharma@college.edu,Campus Hostel A,Guardian Aarav,800001181,81.18,5.24,110,CAD  Robotics  Simulation  MATLAB,Attendance AI  Risk Predictor,Hackathon Finalist  Dean List,43.25,Not Ready,38.1,Not Eligible,3,Low,Weak academic profile with Civil specialization.,avatar-1
1182,S-2026-1182,Aarohi Rao,Male,2006-02-20,20,Data Science,6,B,900001182,aarohi.rao@college.edu,Campus Hostel B,Guardian Aarohi,800001182,75.32,8.52,132,Cloud  Linux  Docker  APIs,Smart Meter  Health Band,Best Project  Coding Club,89.04,Ready,89.46,Eligible,0,Middle,Good academic profile with Data Science specialization.,avatar-2
1183,S-2026-1183,Vivaan Menon,Other,2000-03-21,26,AI and ML,7,C,900001183,vivaan.menon@college.edu,Campus Hostel C,Guardian Vivaan,800001183,65.16,8.03,154,Cybersecurity  Networks  Python  Bash,Traffic Analyzer  Hostel Desk,Research Poster  Sports Medal,83.58,Ready,84.01,Not Eligible,0,Middle,Average academic profile with AI and ML specialization.,avatar-3
1184,S-2026-1184,Anaya Iyer,Female,2001-04-22,25,Electrical,8,D,900001184,anaya.iyer@college.edu,Campus Hostel D,Guardian Anaya,800001184,72.35,5.93,176,Analytics  Excel  SQL  Tableau,Lab Inventory  Notice Hub,Open Source Contributor  Mentor,54.31,Not Ready,34.29,Not Eligible,2,High,Weak academic profile with Electrical specialization.,avatar-4
1185,S-2026-1185,Aditya Joshi,Male,2002-05-23,24,Computer Science,1,A,900001185,aditya.joshi@college.edu,Campus Hostel A,Guardian Aditya,800001185,99.0,9.43,22,Java  JavaFX  DSA  SQL,Attendance AI  Risk Predictor,Innovation Award  Volunteer Lead,100.0,Ready,100.0,Eligible,0,Middle,Excellent academic profile with Computer Science specialization.,avatar-5
1186,S-2026-1186,Diya Shetty,Other,2003-06-24,23,Information Technology,2,B,900001186,diya.shetty@college.edu,Campus Hostel B,Guardian Diya,800001186,94.61,7.88,44,Python  ML  Data Analysis  Git,Smart Meter  Health Band,Technical Quiz Winner  Seminar Speaker,80.42,Ready,85.23,Not Eligible,1,Low,Good academic profile with Information Technology specialization.,avatar-6
1187,S-2026-1187,Ishaan Kulkarni,Female,2004-07-25,21,Electronics,3,C,900001187,ishaan.kulkarni@college.edu,Campus Hostel C,Guardian Ishaan,800001187,72.28,8.69,66,React  Java  Testing  UI Design,Traffic Analyzer  Hostel Desk,Hackathon Finalist  Dean List,89.62,Ready,80.36,Not Eligible,0,High,Average academic profile with Electronics specialization.,avatar-7
1188,S-2026-1188,Meera Nair,Male,2005-08-26,20,Mechanical,4,D,900001188,meera.nair@college.edu,Campus Hostel D,Guardian Meera,800001188,69.15,7.65,88,IoT  C  PCB  Sensors,Lab Inventory  Notice Hub,Best Project  Coding Club,57.71,Not Ready,45.57,Not Eligible,3,Middle,Average academic profile with Mechanical specialization.,avatar-8
1189,S-2026-1189,Kabir Chopra,Other,2006-09-27,19,Civil,5,A,900001189,kabir.chopra@college.edu,Campus Hostel A,Guardian Kabir,800001189,84.45,7.02,110,CAD  Robotics  Simulation  MATLAB,Attendance AI  Risk Predictor,Research Poster  Sports Medal,56.36,Not Ready,42.83,Not Eligible,3,Middle,Average academic profile with Civil specialization.,avatar-9
1190,S-2026-1190,Nisha Desai,Female,2000-10-01,25,Data Science,6,B,900001190,nisha.desai@college.edu,Campus Hostel B,Guardian Nisha,800001190,64.75,5.85,132,Cloud  Linux  Docker  APIs,Smart Meter  Health Band,Open Source Contributor  Mentor,60.23,Developing,44.51,Not Eligible,1,High,Weak academic profile with Data Science specialization.,avatar-10
1191,S-2026-1191,Pranit Pillai,Male,2001-11-02,24,AI and ML,7,C,900001191,pranit.pillai@college.edu,Campus Hostel C,Guardian Pranit,800001191,82.78,8.99,154,Cybersecurity  Networks  Python  Bash,Traffic Analyzer  Hostel Desk,Innovation Award  Volunteer Lead,93.82,Ready,100.0,Eligible,0,Low,Good academic profile with AI and ML specialization.,avatar-11
1192,S-2026-1192,Prakash Naik,Other,2002-12-03,23,Electrical,8,D,900001192,prakash.naik@college.edu,Campus Hostel D,Guardian Prakash,800001192,84.53,6.58,176,Analytics  Excel  SQL  Tableau,Lab Inventory  Notice Hub,Technical Quiz Winner  Seminar Speaker,77.3,Ready,75.32,Not Eligible,0,Middle,Average academic profile with Electrical specialization.,avatar-12
1193,S-2026-1193,Prasad Mehta,Female,2003-01-04,23,Computer Science,1,A,900001193,prasad.mehta@college.edu,Campus Hostel A,Guardian Prasad,800001193,99.0,9.31,22,Java  JavaFX  DSA  SQL,Attendance AI  Risk Predictor,Hackathon Finalist  Dean List,99.3,Ready,89.33,Eligible,0,High,Excellent academic profile with Computer Science specialization.,avatar-1
1194,S-2026-1194,Pranav Kapoor,Male,2004-02-05,22,Information Technology,2,B,900001194,pranav.kapoor@college.edu,Campus Hostel B,Guardian Pranav,800001194,78.79,8.45,44,Python  ML  Data Analysis  Git,Smart Meter  Health Band,Best Project  Coding Club,89.24,Ready,89.42,Eligible,0,Middle,Good academic profile with Information Technology specialization.,avatar-2
1195,S-2026-1195,Riya Jain,Other,2005-03-06,21,Electronics,3,C,900001195,riya.jain@college.edu,Campus Hostel C,Guardian Riya,800001195,75.96,6.96,66,React  Java  Testing  UI Design,Traffic Analyzer  Hostel Desk,Research Poster  Sports Medal,70.25,Developing,65.07,Not Eligible,1,Middle,Average academic profile with Electronics specialization.,avatar-3
1196,S-2026-1196,Saanvi Patil,Female,2006-04-07,20,Mechanical,4,D,900001196,saanvi.patil@college.edu,Campus Hostel D,Guardian Saanvi,800001196,80.78,9.95,88,IoT  C  PCB  Sensors,Lab Inventory  Notice Hub,Open Source Contributor  Mentor,100.0,Ready,100.0,Eligible,0,Low,Good academic profile with Mechanical specialization.,avatar-4
1197,S-2026-1197,Arjun Gupta,Male,2000-05-08,26,Civil,5,A,900001197,arjun.gupta@college.edu,Campus Hostel A,Guardian Arjun,800001197,75.09,8.87,110,CAD  Robotics  Simulation  MATLAB,Attendance AI  Risk Predictor,Innovation Award  Volunteer Lead,91.44,Ready,92.22,Eligible,0,Middle,Good academic profile with Civil specialization.,avatar-5
1198,S-2026-1198,Ira Saxena,Other,2001-06-09,25,Data Science,6,B,900001198,ira.saxena@college.edu,Campus Hostel B,Guardian Ira,800001198,95.38,9.95,132,Cloud  Linux  Docker  APIs,Smart Meter  Health Band,Technical Quiz Winner  Seminar Speaker,100.0,Ready,100.0,Eligible,0,Middle,Excellent academic profile with Data Science specialization.,avatar-6
1199,S-2026-1199,Dev Khan,Female,2002-07-10,23,AI and ML,7,C,900001199,dev.khan@college.edu,Campus Hostel C,Guardian Dev,800001199,72.0,5.92,154,Cybersecurity  Networks  Python  Bash,Traffic Analyzer  Hostel Desk,Hackathon Finalist  Dean List,54.17,Not Ready,34.16,Not Eligible,2,High,Weak academic profile with AI and ML specialization.,avatar-7
1200,S-2026-1200,Tara Bose,Male,2003-08-11,22,Electrical,8,D,900001200,tara.bose@college.edu,Campus Hostel D,Guardian Tara,800001200,66.82,9.77,176,Analytics  Excel  SQL  Tableau,Lab Inventory  Notice Hub,Best Project  Coding Club,96.09,Ready,98.18,Not Eligible,0,Middle,Average academic profile with Electrical specialization.,avatar-8
1201,S-2026-1201,Neel Sharma,Other,2004-09-12,21,Computer Science,1,A,900001201,neel.sharma@college.edu,Campus Hostel A,Guardian Neel,800001201,71.22,7.32,22,Java  JavaFX  DSA  SQL,Attendance AI  Risk Predictor,Research Poster  Sports Medal,63.82,Developing,65.24,Not Eligible,2,Low,Average academic profile with Computer Science specialization.,avatar-9
1202,S-2026-1202,Aisha Rao,Female,2005-10-13,20,Information Technology,2,B,900001202,aisha.rao@college.edu,Campus Hostel B,Guardian Aisha,800001202,79.73,8.2,44,Python  ML  Data Analysis  Git,Smart Meter  Health Band,Open Source Contributor  Mentor,87.68,Ready,77.56,Eligible,0,High,Good academic profile with Information Technology specialization.,avatar-10
1203,S-2026-1203,Kunal Menon,Male,2006-11-14,19,Electronics,3,C,900001203,kunal.menon@college.edu,Campus Hostel C,Guardian Kunal,800001203,70.2,9.95,66,React  Java  Testing  UI Design,Traffic Analyzer  Hostel Desk,Innovation Award  Volunteer Lead,98.02,Ready,100.0,Not Eligible,0,Middle,Average academic profile with Electronics specialization.,avatar-11
1204,S-2026-1204,Maya Iyer,Other,2000-12-15,25,Mechanical,4,D,900001204,maya.iyer@college.edu,Campus Hostel D,Guardian Maya,800001204,72.61,7.49,88,IoT  C  PCB  Sensors,Lab Inventory  Notice Hub,Technical Quiz Winner  Seminar Speaker,65.29,Developing,56.81,Not Eligible,2,Middle,Average academic profile with Mechanical specialization.,avatar-12
1205,S-2026-1205,Rohan Joshi,Female,2001-01-16,25,Civil,5,A,900001205,rohan.joshi@college.edu,Campus Hostel A,Guardian Rohan,800001205,71.95,7.72,110,CAD  Robotics  Simulation  MATLAB,Attendance AI  Risk Predictor,Hackathon Finalist  Dean List,82.76,Ready,72.55,Not Eligible,0,High,Average academic profile with Civil specialization.,avatar-1
1206,S-2026-1206,Sara Shetty,Male,2002-02-17,24,Data Science,6,B,900001206,sara.shetty@college.edu,Campus Hostel B,Guardian Sara,800001206,95.52,9.95,132,Cloud  Linux  Docker  APIs,Smart Meter  Health Band,Best Project  Coding Club,100.0,Ready,100.0,Eligible,0,Low,Excellent academic profile with Data Science specialization.,avatar-2
1207,S-2026-1207,Yash Kulkarni,Other,2003-03-18,23,AI and ML,7,C,900001207,yash.kulkarni@college.edu,Campus Hostel C,Guardian Yash,800001207,63.41,6.44,154,Cybersecurity  Networks  Python  Bash,Traffic Analyzer  Hostel Desk,Research Poster  Sports Medal,56.1,Not Ready,47.03,Not Eligible,2,Middle,Weak academic profile with AI and ML specialization.,avatar-3
1208,S-2026-1208,Kiara Nair,Female,2004-04-19,22,Electrical,8,D,900001208,kiara.nair@college.edu,Campus Hostel D,Guardian Kiara,800001208,93.22,9.37,176,Analytics  Excel  SQL  Tableau,Lab Inventory  Notice Hub,Open Source Contributor  Mentor,98.57,Ready,88.94,Eligible,0,High,Excellent academic profile with Electrical specialization.,avatar-4
1209,S-2026-1209,Om Chopra,Male,2005-05-20,21,Computer Science,1,A,900001209,om.chopra@college.edu,Campus Hostel A,Guardian Om,800001209,64.69,8.52,22,Java  JavaFX  DSA  SQL,Attendance AI  Risk Predictor,Innovation Award  Volunteer Lead,86.91,Ready,87.86,Not Eligible,0,Middle,Weak academic profile with Computer Science specialization.,avatar-5
1210,S-2026-1210,Avni Desai,Other,2006-06-21,20,Information Technology,2,B,900001210,avni.desai@college.edu,Campus Hostel B,Guardian Avni,800001210,68.25,6.55,44,Python  ML  Data Analysis  Git,Smart Meter  Health Band,Technical Quiz Winner  Seminar Speaker,49.83,Not Ready,36.64,Not Eligible,3,Middle,Average academic profile with Information Technology specialization.,avatar-6
1211,S-2026-1211,Aarav Pillai,Female,2000-07-22,25,Electronics,3,C,900001211,aarav.pillai@college.edu,Campus Hostel C,Guardian Aarav,800001211,78.75,7.04,66,React  Java  Testing  UI Design,Traffic Analyzer  Hostel Desk,Hackathon Finalist  Dean List,79.36,Ready,88.13,Not Eligible,0,Low,Average academic profile with Electronics specialization.,avatar-7
1212,S-2026-1212,Aarohi Naik,Male,2001-08-23,24,Mechanical,4,D,900001212,aarohi.naik@college.edu,Campus Hostel D,Guardian Aarohi,800001212,74.0,5.85,88,IoT  C  PCB  Sensors,Lab Inventory  Notice Hub,Best Project  Coding Club,62.08,Developing,55.9,Not Eligible,1,Middle,Weak academic profile with Mechanical specialization.,avatar-8
1213,S-2026-1213,Vivaan Mehta,Other,2002-09-24,23,Civil,5,A,900001213,vivaan.mehta@college.edu,Campus Hostel A,Guardian Vivaan,800001213,74.36,8.12,110,CAD  Robotics  Simulation  MATLAB,Attendance AI  Risk Predictor,Research Poster  Sports Medal,86.05,Ready,86.11,Not Eligible,0,Middle,Average academic profile with Civil specialization.,avatar-9
1214,S-2026-1214,Anaya Kapoor,Female,2003-10-25,22,Data Science,6,B,900001214,anaya.kapoor@college.edu,Campus Hostel B,Guardian Anaya,800001214,62.28,7.14,132,Cloud  Linux  Docker  APIs,Smart Meter  Health Band,Open Source Contributor  Mentor,60.77,Developing,42.46,Not Eligible,2,High,Weak academic profile with Data Science specialization.,avatar-10
1215,S-2026-1215,Aditya Jain,Male,2004-11-26,21,AI and ML,7,C,900001215,aditya.jain@college.edu,Campus Hostel C,Guardian Aditya,800001215,85.15,9.48,154,Cybersecurity  Networks  Python  Bash,Traffic Analyzer  Hostel Desk,Innovation Award  Volunteer Lead,97.72,Ready,98.61,Eligible,0,Middle,Excellent academic profile with AI and ML specialization.,avatar-11
1216,S-2026-1216,Diya Patil,Other,2005-12-27,20,Electrical,8,D,900001216,diya.patil@college.edu,Campus Hostel D,Guardian Diya,800001216,88.1,8.54,176,Analytics  Excel  SQL  Tableau,Lab Inventory  Notice Hub,Technical Quiz Winner  Seminar Speaker,91.73,Ready,100.0,Eligible,0,Low,Excellent academic profile with Electrical specialization.,avatar-12
1217,S-2026-1217,Ishaan Gupta,Female,2006-01-01,20,Computer Science,1,A,900001217,ishaan.gupta@college.edu,Campus Hostel A,Guardian Ishaan,800001217,67.76,7.08,22,Java  JavaFX  DSA  SQL,Attendance AI  Risk Predictor,Hackathon Finalist  Dean List,61.45,Developing,42.8,Not Eligible,2,High,Average academic profile with Computer Science specialization.,avatar-1
1218,S-2026-1218,Meera Saxena,Male,2000-02-02,26,Information Technology,2,B,900001218,meera.saxena@college.edu,Campus Hostel B,Guardian Meera,800001218,86.38,9.85,44,Python  ML  Data Analysis  Git,Smart Meter  Health Band,Best Project  Coding Club,100.0,Ready,100.0,Eligible,0,Middle,Excellent academic profile with Information Technology specialization.,avatar-2
1219,S-2026-1219,Kabir Khan,Other,2001-03-03,25,Electronics,3,C,900001219,kabir.khan@college.edu,Campus Hostel C,Guardian Kabir,800001219,96.48,7.94,66,React  Java  Testing  UI Design,Traffic Analyzer  Hostel Desk,Research Poster  Sports Medal,73.21,Developing,63.99,Not Eligible,2,Middle,Average academic profile with Electronics specialization.,avatar-3
1220,S-2026-1220,Nisha Bose,Female,2002-04-04,24,Mechanical,4,D,900001220,nisha.bose@college.edu,Campus Hostel D,Guardian Nisha,800001220,67.76,7.71,88,IoT  C  PCB  Sensors,Lab Inventory  Notice Hub,Open Source Contributor  Mentor,57.86,Not Ready,35.84,Not Eligible,3,High,Average academic profile with Mechanical specialization.,avatar-4
1221,S-2026-1221,Pranit Sharma,Male,2003-05-05,23,Civil,5,A,900001221,pranit.sharma@college.edu,Campus Hostel A,Guardian Pranit,800001221,90.79,5.96,110,CAD  Robotics  Simulation  MATLAB,Attendance AI  Risk Predictor,Innovation Award  Volunteer Lead,66.21,Developing,69.3,Not Eligible,1,Low,Weak academic profile with Civil specialization.,avatar-5
1222,S-2026-1222,Prakash Rao,Other,2004-06-06,22,Data Science,6,B,900001222,prakash.rao@college.edu,Campus Hostel B,Guardian Prakash,800001222,85.25,5.81,132,Cloud  Linux  Docker  APIs,Smart Meter  Health Band,Technical Quiz Winner  Seminar Speaker,64.05,Developing,57.27,Not Eligible,1,Middle,Weak academic profile with Data Science specialization.,avatar-6
1223,S-2026-1223,Prasad Menon,Female,2005-07-07,21,AI and ML,7,C,900001223,prasad.menon@college.edu,Campus Hostel C,Guardian Prasad,800001223,66.24,8.37,154,Cybersecurity  Networks  Python  Bash,Traffic Analyzer  Hostel Desk,Hackathon Finalist  Dean List,86.17,Ready,76.9,Not Eligible,0,High,Average academic profile with AI and ML specialization.,avatar-7
1224,S-2026-1224,Pranav Iyer,Male,2006-08-08,19,Electrical,8,D,900001224,pranav.iyer@college.edu,Campus Hostel D,Guardian Pranav,800001224,87.06,6.71,176,Analytics  Excel  SQL  Tableau,Lab Inventory  Notice Hub,Best Project  Coding Club,70.72,Developing,64.74,Not Eligible,1,Middle,Average academic profile with Electrical specialization.,avatar-8
1225,S-2026-1225,Riya Joshi,Other,2000-09-09,25,Computer Science,1,A,900001225,riya.joshi@college.edu,Campus Hostel A,Guardian Riya,800001225,77.4,8.45,22,Java  JavaFX  DSA  SQL,Attendance AI  Risk Predictor,Research Poster  Sports Medal,88.96,Ready,89.21,Eligible,0,Middle,Good academic profile with Computer Science specialization.,avatar-9
1226,S-2026-1226,Saanvi Shetty,Female,2001-10-10,24,Information Technology,2,B,900001226,saanvi.shetty@college.edu,Campus Hostel B,Guardian Saanvi,800001226,84.33,6.3,44,Python  ML  Data Analysis  Git,Smart Meter  Health Band,Open Source Contributor  Mentor,51.3,Not Ready,47.05,Not Eligible,3,Low,Average academic profile with Information Technology specialization.,avatar-10
1227,S-2026-1227,Arjun Kulkarni,Male,2002-11-11,23,Electronics,3,C,900001227,arjun.kulkarni@college.edu,Campus Hostel C,Guardian Arjun,800001227,88.86,7.9,66,React  Java  Testing  UI Design,Traffic Analyzer  Hostel Desk,Innovation Award  Volunteer Lead,71.41,Developing,62.53,Not Eligible,2,Middle,Average academic profile with Electronics specialization.,avatar-11
1228,S-2026-1228,Ira Nair,Other,2003-12-12,22,Mechanical,4,D,900001228,ira.nair@college.edu,Campus Hostel D,Guardian Ira,800001228,97.72,9.84,88,IoT  C  PCB  Sensors,Lab Inventory  Notice Hub,Technical Quiz Winner  Seminar Speaker,100.0,Ready,100.0,Eligible,0,Middle,Excellent academic profile with Mechanical specialization.,avatar-12
1229,S-2026-1229,Dev Chopra,Female,2004-01-13,22,Civil,5,A,900001229,dev.chopra@college.edu,Campus Hostel A,Guardian Dev,800001229,60.53,6.52,110,CAD  Robotics  Simulation  MATLAB,Attendance AI  Risk Predictor,Hackathon Finalist  Dean List,72.08,Developing,61.24,Not Eligible,0,High,Weak academic profile with Civil specialization.,avatar-1
1230,S-2026-1230,Tara Desai,Male,2005-02-14,21,Data Science,6,B,900001230,tara.desai@college.edu,Campus Hostel B,Guardian Tara,800001230,77.62,9.04,132,Cloud  Linux  Docker  APIs,Smart Meter  Health Band,Best Project  Coding Club,93.14,Ready,93.96,Eligible,0,Middle,Good academic profile with Data Science specialization.,avatar-2
1231,S-2026-1231,Neel Pillai,Other,2006-03-15,20,AI and ML,7,C,900001231,neel.pillai@college.edu,Campus Hostel C,Guardian Neel,800001231,96.12,8.85,154,Cybersecurity  Networks  Python  Bash,Traffic Analyzer  Hostel Desk,Research Poster  Sports Medal,95.51,Ready,100.0,Eligible,0,Low,Excellent academic profile with AI and ML specialization.,avatar-3
1232,S-2026-1232,Aisha Naik,Female,2000-04-16,26,Electrical,8,D,900001232,aisha.naik@college.edu,Campus Hostel D,Guardian Aisha,800001232,99.0,8.79,176,Analytics  Excel  SQL  Tableau,Lab Inventory  Notice Hub,Open Source Contributor  Mentor,95.66,Ready,85.17,Eligible,0,High,Excellent academic profile with Electrical specialization.,avatar-4
1233,S-2026-1233,Kunal Mehta,Male,2001-05-17,25,Computer Science,1,A,900001233,kunal.mehta@college.edu,Campus Hostel A,Guardian Kunal,800001233,72.79,5.6,22,Java  JavaFX  DSA  SQL,Attendance AI  Risk Predictor,Innovation Award  Volunteer Lead,52.09,Not Ready,41.72,Not Eligible,2,Middle,Weak academic profile with Computer Science specialization.,avatar-5
1234,S-2026-1234,Maya Kapoor,Other,2002-06-18,24,Information Technology,2,B,900001234,maya.kapoor@college.edu,Campus Hostel B,Guardian Maya,800001234,89.58,8.34,44,Python  ML  Data Analysis  Git,Smart Meter  Health Band,Technical Quiz Winner  Seminar Speaker,90.63,Ready,90.16,Eligible,0,Middle,Good academic profile with Information Technology specialization.,avatar-6
1235,S-2026-1235,Rohan Jain,Female,2003-07-19,22,Electronics,3,C,900001235,rohan.jain@college.edu,Campus Hostel C,Guardian Rohan,800001235,83.12,5.76,66,React  Java  Testing  UI Design,Traffic Analyzer  Hostel Desk,Hackathon Finalist  Dean List,55.28,Not Ready,34.55,Not Eligible,2,High,Weak academic profile with Electronics specialization.,avatar-7
1236,S-2026-1236,Sara Patil,Male,2004-08-20,21,Mechanical,4,D,900001236,sara.patil@college.edu,Campus Hostel D,Guardian Sara,800001236,78.61,9.07,88,IoT  C  PCB  Sensors,Lab Inventory  Notice Hub,Best Project  Coding Club,93.55,Ready,100.0,Eligible,0,Low,Good academic profile with Mechanical specialization.,avatar-8
1237,S-2026-1237,Yash Gupta,Other,2005-09-21,20,Civil,5,A,900001237,yash.gupta@college.edu,Campus Hostel A,Guardian Yash,800001237,79.97,9.6,110,CAD  Robotics  Simulation  MATLAB,Attendance AI  Risk Predictor,Research Poster  Sports Medal,97.53,Ready,98.8,Eligible,0,Middle,Good academic profile with Civil specialization.,avatar-9
1238,S-2026-1238,Kiara Saxena,Female,2006-10-22,19,Data Science,6,B,900001238,kiara.saxena@college.edu,Campus Hostel B,Guardian Kiara,800001238,81.89,6.62,132,Cloud  Linux  Docker  APIs,Smart Meter  Health Band,Open Source Contributor  Mentor,53.05,Not Ready,29.24,Not Eligible,3,High,Average academic profile with Data Science specialization.,avatar-10
1239,S-2026-1239,Om Khan,Male,2000-11-23,25,AI and ML,7,C,900001239,om.khan@college.edu,Campus Hostel C,Guardian Om,800001239,65.75,8.88,154,Cybersecurity  Networks  Python  Bash,Traffic Analyzer  Hostel Desk,Innovation Award  Volunteer Lead,89.64,Ready,90.9,Not Eligible,0,Middle,Average academic profile with AI and ML specialization.,avatar-11
1240,S-2026-1240,Avni Bose,Other,2001-12-24,24,Electrical,8,D,900001240,avni.bose@college.edu,Campus Hostel D,Guardian Avni,800001240,69.65,5.56,176,Analytics  Excel  SQL  Tableau,Lab Inventory  Notice Hub,Technical Quiz Winner  Seminar Speaker,51.18,Not Ready,40.93,Not Eligible,2,Middle,Weak academic profile with Electrical specialization.,avatar-12
1241,S-2026-1241,Aarav Sharma,Female,2002-01-25,24,Computer Science,1,A,900001241,aarav.sharma@college.edu,Campus Hostel A,Guardian Aarav,800001241,94.57,9.08,22,Java  JavaFX  DSA  SQL,Attendance AI  Risk Predictor,Hackathon Finalist  Dean List,96.81,Ready,100.0,Eligible,0,Low,Excellent academic profile with Computer Science specialization.,avatar-1
1242,S-2026-1242,Aarohi Rao,Male,2003-02-26,23,Information Technology,2,B,900001242,aarohi.rao@college.edu,Campus Hostel B,Guardian Aarohi,800001242,99.0,8.34,44,Python  ML  Data Analysis  Git,Smart Meter  Health Band,Best Project  Coding Club,92.51,Ready,91.57,Eligible,0,Middle,Good academic profile with Information Technology specialization.,avatar-2
1243,S-2026-1243,Vivaan Menon,Other,2004-03-27,22,Electronics,3,C,900001243,vivaan.menon@college.edu,Campus Hostel C,Guardian Vivaan,800001243,89.16,8.42,66,React  Java  Testing  UI Design,Traffic Analyzer  Hostel Desk,Research Poster  Sports Medal,91.11,Ready,90.73,Eligible,0,Middle,Good academic profile with Electronics specialization.,avatar-3
1244,S-2026-1244,Anaya Iyer,Female,2005-04-01,21,Mechanical,4,D,900001244,anaya.iyer@college.edu,Campus Hostel D,Guardian Anaya,800001244,93.52,7.7,88,IoT  C  PCB  Sensors,Lab Inventory  Notice Hub,Open Source Contributor  Mentor,62.94,Developing,39.63,Not Eligible,3,High,Average academic profile with Mechanical specialization.,avatar-4
1245,S-2026-1245,Aditya Joshi,Male,2006-05-02,20,Civil,5,A,900001245,aditya.joshi@college.edu,Campus Hostel A,Guardian Aditya,800001245,69.17,9.15,110,CAD  Robotics  Simulation  MATLAB,Attendance AI  Risk Predictor,Innovation Award  Volunteer Lead,92.22,Ready,93.58,Not Eligible,0,Middle,Average academic profile with Civil specialization.,avatar-5
1246,S-2026-1246,Diya Shetty,Other,2000-06-03,26,Data Science,6,B,900001246,diya.shetty@college.edu,Campus Hostel B,Guardian Diya,800001246,58.81,7.43,132,Cloud  Linux  Docker  APIs,Smart Meter  Health Band,Technical Quiz Winner  Seminar Speaker,70.11,Developing,76.26,Not Eligible,1,Low,Weak academic profile with Data Science specialization.,avatar-6
1247,S-2026-1247,Ishaan Kulkarni,Female,2001-07-04,25,AI and ML,7,C,900001247,ishaan.kulkarni@college.edu,Campus Hostel C,Guardian Ishaan,800001247,76.03,7.78,154,Cybersecurity  Networks  Python  Bash,Traffic Analyzer  Hostel Desk,Hackathon Finalist  Dean List,68.0,Developing,49.64,Not Eligible,2,High,Average academic profile with AI and ML specialization.,avatar-7
1248,S-2026-1248,Meera Nair,Male,2002-08-05,23,Electrical,8,D,900001248,meera.nair@college.edu,Campus Hostel D,Guardian Meera,800001248,74.74,7.66,176,Analytics  Excel  SQL  Tableau,Lab Inventory  Notice Hub,Best Project  Coding Club,58.9,Not Ready,46.49,Not Eligible,3,Middle,Average academic profile with Electrical specialization.,avatar-8
1249,S-2026-1249,Kabir Chopra,Other,2003-09-06,22,Computer Science,1,A,900001249,kabir.chopra@college.edu,Campus Hostel A,Guardian Kabir,800001249,77.4,9.58,22,Java  JavaFX  DSA  SQL,Attendance AI  Risk Predictor,Research Poster  Sports Medal,96.87,Ready,98.25,Eligible,0,Middle,Good academic profile with Computer Science specialization.,avatar-9
1250,S-2026-1250,Nisha Desai,Female,2004-10-07,21,Information Technology,2,B,900001250,nisha.desai@college.edu,Campus Hostel B,Guardian Nisha,800001250,66.82,8.33,44,Python  ML  Data Analysis  Git,Smart Meter  Health Band,Open Source Contributor  Mentor,86.01,Ready,76.66,Not Eligible,0,High,Average academic profile with Information Technology specialization.,avatar-10
1251,S-2026-1251,Pranit Pillai,Male,2005-11-08,20,Electronics,3,C,900001251,pranit.pillai@college.edu,Campus Hostel C,Guardian Pranit,800001251,57.03,7.33,66,React  Java  Testing  UI Design,Traffic Analyzer  Hostel Desk,Innovation Award  Volunteer Lead,53.05,Not Ready,51.19,Not Eligible,3,Low,Weak academic profile with Electronics specialization.,avatar-11
1252,S-2026-1252,Prakash Naik,Other,2006-12-09,19,Mechanical,4,D,900001252,prakash.naik@college.edu,Campus Hostel D,Guardian Prakash,800001252,55.38,6.49,88,IoT  C  PCB  Sensors,Lab Inventory  Notice Hub,Technical Quiz Winner  Seminar Speaker,46.84,Not Ready,34.23,Not Eligible,3,Middle,Weak academic profile with Mechanical specialization.,avatar-12
1253,S-2026-1253,Prasad Mehta,Female,2000-01-10,26,Civil,5,A,900001253,prasad.mehta@college.edu,Campus Hostel A,Guardian Prasad,800001253,53.08,5.76,110,CAD  Robotics  Simulation  MATLAB,Attendance AI  Risk Predictor,Hackathon Finalist  Dean List,41.27,Not Ready,18.04,Not Eligible,3,High,Weak academic profile with Civil specialization.,avatar-1
1254,S-2026-1254,Pranav Kapoor,Male,2001-02-11,25,Data Science,6,B,900001254,pranav.kapoor@college.edu,Campus Hostel B,Guardian Pranav,800001254,71.78,8.01,132,Cloud  Linux  Docker  APIs,Smart Meter  Health Band,Best Project  Coding Club,84.76,Ready,84.85,Not Eligible,0,Middle,Average academic profile with Data Science specialization.,avatar-2
1255,S-2026-1255,Riya Jain,Other,2002-03-12,24,AI and ML,7,C,900001255,riya.jain@college.edu,Campus Hostel C,Guardian Riya,800001255,93.93,7.76,154,Cybersecurity  Networks  Python  Bash,Traffic Analyzer  Hostel Desk,Research Poster  Sports Medal,71.44,Developing,62.17,Not Eligible,2,Middle,Average academic profile with AI and ML specialization.,avatar-3
1256,S-2026-1256,Saanvi Patil,Female,2003-04-13,23,Electrical,8,D,900001256,saanvi.patil@college.edu,Campus Hostel D,Guardian Saanvi,800001256,97.46,9.34,176,Analytics  Excel  SQL  Tableau,Lab Inventory  Notice Hub,Open Source Contributor  Mentor,99.21,Ready,100.0,Eligible,0,Low,Excellent academic profile with Electrical specialization.,avatar-4
1257,S-2026-1257,Arjun Gupta,Male,2004-05-14,22,Computer Science,1,A,900001257,arjun.gupta@college.edu,Campus Hostel A,Guardian Arjun,800001257,86.37,5.51,22,Java  JavaFX  DSA  SQL,Attendance AI  Risk Predictor,Innovation Award  Volunteer Lead,46.18,Not Ready,31.04,Not Eligible,3,Middle,Weak academic profile with Computer Science specialization.,avatar-5
1258,S-2026-1258,Ira Saxena,Other,2005-06-15,21,Information Technology,2,B,900001258,ira.saxena@college.edu,Campus Hostel B,Guardian Ira,800001258,97.23,8.26,44,Python  ML  Data Analysis  Git,Smart Meter  Health Band,Technical Quiz Winner  Seminar Speaker,91.6,Ready,90.66,Eligible,0,Middle,Good academic profile with Information Technology specialization.,avatar-6
1259,S-2026-1259,Dev Khan,Female,2006-07-16,19,Electronics,3,C,900001259,dev.khan@college.edu,Campus Hostel C,Guardian Dev,800001259,67.35,5.49,66,React  Java  Testing  UI Design,Traffic Analyzer  Hostel Desk,Hackathon Finalist  Dean List,42.23,Not Ready,18.02,Not Eligible,3,High,Weak academic profile with Electronics specialization.,avatar-7
1260,S-2026-1260,Tara Bose,Male,2000-08-17,25,Mechanical,4,D,900001260,tara.bose@college.edu,Campus Hostel D,Guardian Tara,800001260,98.16,9.47,88,IoT  C  PCB  Sensors,Lab Inventory  Notice Hub,Best Project  Coding Club,100.0,Ready,100.0,Eligible,0,Middle,Excellent academic profile with Mechanical specialization.,avatar-8
1261,S-2026-1261,Neel Sharma,Other,2001-09-18,24,Civil,5,A,900001261,neel.sharma@college.edu,Campus Hostel A,Guardian Neel,800001261,84.52,7.79,110,CAD  Robotics  Simulation  MATLAB,Attendance AI  Risk Predictor,Research Poster  Sports Medal,61.77,Developing,59.0,Not Eligible,3,Low,Average academic profile with Civil specialization.,avatar-9
1262,S-2026-1262,Aisha Rao,Female,2002-10-19,23,Data Science,6,B,900001262,aisha.rao@college.edu,Campus Hostel B,Guardian Aisha,800001262,91.1,9.59,132,Cloud  Linux  Docker  APIs,Smart Meter  Health Band,Open Source Contributor  Mentor,99.68,Ready,90.39,Eligible,0,High,Excellent academic profile with Data Science specialization.,avatar-10
1263,S-2026-1263,Kunal Menon,Male,2003-11-20,22,AI and ML,7,C,900001263,kunal.menon@college.edu,Campus Hostel C,Guardian Kunal,800001263,79.97,7.71,154,Cybersecurity  Networks  Python  Bash,Traffic Analyzer  Hostel Desk,Innovation Award  Volunteer Lead,76.3,Ready,71.68,Not Eligible,1,Middle,Good academic profile with AI and ML specialization.,avatar-11
1264,S-2026-1264,Maya Iyer,Other,2004-12-21,21,Electrical,8,D,900001264,maya.iyer@college.edu,Campus Hostel D,Guardian Maya,800001264,63.94,7.6,176,Analytics  Excel  SQL  Tableau,Lab Inventory  Notice Hub,Technical Quiz Winner  Seminar Speaker,64.32,Developing,56.39,Not Eligible,2,Middle,Weak academic profile with Electrical specialization.,avatar-12
1265,S-2026-1265,Rohan Joshi,Female,2005-01-22,21,Computer Science,1,A,900001265,rohan.joshi@college.edu,Campus Hostel A,Guardian Rohan,800001265,64.94,9.52,22,Java  JavaFX  DSA  SQL,Attendance AI  Risk Predictor,Hackathon Finalist  Dean List,93.96,Ready,85.9,Not Eligible,0,High,Weak academic profile with Computer Science specialization.,avatar-1
1266,S-2026-1266,Sara Shetty,Male,2006-02-23,20,Information Technology,2,B,900001266,sara.shetty@college.edu,Campus Hostel B,Guardian Sara,800001266,68.68,9.95,44,Python  ML  Data Analysis  Git,Smart Meter  Health Band,Best Project  Coding Club,97.72,Ready,100.0,Not Eligible,0,Low,Average academic profile with Information Technology specialization.,avatar-2
1267,S-2026-1267,Yash Kulkarni,Other,2000-03-24,26,Electronics,3,C,900001267,yash.kulkarni@college.edu,Campus Hostel C,Guardian Yash,800001267,93.64,8.5,66,React  Java  Testing  UI Design,Traffic Analyzer  Hostel Desk,Research Poster  Sports Medal,92.56,Ready,92.05,Eligible,0,Middle,Excellent academic profile with Electronics specialization.,avatar-3
1268,S-2026-1268,Kiara Nair,Female,2001-04-25,25,Mechanical,4,D,900001268,kiara.nair@college.edu,Campus Hostel D,Guardian Kiara,800001268,73.29,5.73,88,IoT  C  PCB  Sensors,Lab Inventory  Notice Hub,Open Source Contributor  Mentor,53.1,Not Ready,32.83,Not Eligible,2,High,Weak academic profile with Mechanical specialization.,avatar-4
1269,S-2026-1269,Om Chopra,Male,2002-05-26,24,Civil,5,A,900001269,om.chopra@college.edu,Campus Hostel A,Guardian Om,800001269,99.0,9.73,110,CAD  Robotics  Simulation  MATLAB,Attendance AI  Risk Predictor,Innovation Award  Volunteer Lead,100.0,Ready,100.0,Eligible,0,Middle,Excellent academic profile with Civil specialization.,avatar-5
1270,S-2026-1270,Avni Desai,Other,2003-06-27,23,Data Science,6,B,900001270,avni.desai@college.edu,Campus Hostel B,Guardian Avni,800001270,60.14,6.52,132,Cloud  Linux  Docker  APIs,Smart Meter  Health Band,Technical Quiz Winner  Seminar Speaker,72.0,Developing,71.18,Not Eligible,0,Middle,Weak academic profile with Data Science specialization.,avatar-6
1271,S-2026-1271,Aarav Pillai,Female,2004-07-01,22,AI and ML,7,C,900001271,aarav.pillai@college.edu,Campus Hostel C,Guardian Aarav,800001271,94.45,7.08,154,Cybersecurity  Networks  Python  Bash,Traffic Analyzer  Hostel Desk,Hackathon Finalist  Dean List,82.78,Ready,90.81,Not Eligible,0,Low,Average academic profile with AI and ML specialization.,avatar-7
1272,S-2026-1272,Aarohi Naik,Male,2005-08-02,20,Electrical,8,D,900001272,aarohi.naik@college.edu,Campus Hostel D,Guardian Aarohi,800001272,56.89,5.77,176,Analytics  Excel  SQL  Tableau,Lab Inventory  Notice Hub,Best Project  Coding Club,50.1,Not Ready,40.69,Not Eligible,2,Middle,Weak academic profile with Electrical specialization.,avatar-8
1273,S-2026-1273,Vivaan Mehta,Other,2006-09-03,19,Computer Science,1,A,900001273,vivaan.mehta@college.edu,Campus Hostel A,Guardian Vivaan,800001273,81.62,5.47,22,Java  JavaFX  DSA  SQL,Attendance AI  Risk Predictor,Research Poster  Sports Medal,60.95,Developing,54.0,Not Eligible,1,Middle,Weak academic profile with Computer Science specialization.,avatar-9
1274,S-2026-1274,Anaya Kapoor,Female,2000-10-04,25,Information Technology,2,B,900001274,anaya.kapoor@college.edu,Campus Hostel B,Guardian Anaya,800001274,93.29,9.66,44,Python  ML  Data Analysis  Git,Smart Meter  Health Band,Open Source Contributor  Mentor,100.0,Ready,91.27,Eligible,0,High,Excellent academic profile with Information Technology specialization.,avatar-10
1275,S-2026-1275,Aditya Jain,Male,2001-11-05,24,Electronics,3,C,900001275,aditya.jain@college.edu,Campus Hostel C,Guardian Aditya,800001275,74.55,9.26,66,React  Java  Testing  UI Design,Traffic Analyzer  Hostel Desk,Innovation Award  Volunteer Lead,94.06,Ready,95.26,Not Eligible,0,Middle,Average academic profile with Electronics specialization.,avatar-11
1276,S-2026-1276,Diya Patil,Other,2002-12-06,23,Mechanical,4,D,900001276,diya.patil@college.edu,Campus Hostel D,Guardian Diya,800001276,69.19,8.12,88,IoT  C  PCB  Sensors,Lab Inventory  Notice Hub,Technical Quiz Winner  Seminar Speaker,85.01,Ready,95.34,Not Eligible,0,Low,Average academic profile with Mechanical specialization.,avatar-12
1277,S-2026-1277,Ishaan Gupta,Female,2003-01-07,23,Civil,5,A,900001277,ishaan.gupta@college.edu,Campus Hostel A,Guardian Ishaan,800001277,70.01,8.86,110,CAD  Robotics  Simulation  MATLAB,Attendance AI  Risk Predictor,Hackathon Finalist  Dean List,90.36,Ready,81.38,Not Eligible,0,High,Average academic profile with Civil specialization.,avatar-1
1278,S-2026-1278,Meera Saxena,Male,2004-02-08,22,Data Science,6,B,900001278,meera.saxena@college.edu,Campus Hostel B,Guardian Meera,800001278,79.72,8.6,132,Cloud  Linux  Docker  APIs,Smart Meter  Health Band,Best Project  Coding Club,90.48,Ready,90.76,Eligible,0,Middle,Good academic profile with Data Science specialization.,avatar-2
1279,S-2026-1279,Kabir Khan,Other,2005-03-09,21,AI and ML,7,C,900001279,kabir.khan@college.edu,Campus Hostel C,Guardian Kabir,800001279,91.86,7.37,154,Cybersecurity  Networks  Python  Bash,Traffic Analyzer  Hostel Desk,Research Poster  Sports Medal,76.3,Ready,70.74,Not Eligible,1,Middle,Average academic profile with AI and ML specialization.,avatar-3
1280,S-2026-1280,Nisha Bose,Female,2006-04-10,20,Electrical,8,D,900001280,nisha.bose@college.edu,Campus Hostel D,Guardian Nisha,800001280,68.87,5.88,176,Analytics  Excel  SQL  Tableau,Lab Inventory  Notice Hub,Open Source Contributor  Mentor,69.27,Developing,57.37,Not Eligible,0,High,Weak academic profile with Electrical specialization.,avatar-4
1281,S-2026-1281,Pranit Sharma,Male,2000-05-11,26,Computer Science,1,A,900001281,pranit.sharma@college.edu,Campus Hostel A,Guardian Pranit,800001281,73.54,7.07,22,Java  JavaFX  DSA  SQL,Attendance AI  Risk Predictor,Innovation Award  Volunteer Lead,54.53,Not Ready,51.59,Not Eligible,3,Low,Average academic profile with Computer Science specialization.,avatar-5
1282,S-2026-1282,Prakash Rao,Other,2001-06-12,25,Information Technology,2,B,900001282,prakash.rao@college.edu,Campus Hostel B,Guardian Prakash,800001282,86.49,6.05,44,Python  ML  Data Analysis  Git,Smart Meter  Health Band,Technical Quiz Winner  Seminar Speaker,49.98,Not Ready,35.37,Not Eligible,3,Middle,Weak academic profile with Information Technology specialization.,avatar-6
1283,S-2026-1283,Prasad Menon,Female,2002-07-13,23,Electronics,3,C,900001283,prasad.menon@college.edu,Campus Hostel C,Guardian Prasad,800001283,86.17,9.78,66,React  Java  Testing  UI Design,Traffic Analyzer  Hostel Desk,Hackathon Finalist  Dean List,100.0,Ready,91.17,Eligible,0,High,Excellent academic profile with Electronics specialization.,avatar-7
1284,S-2026-1284,Pranav Iyer,Male,2003-08-14,22,Mechanical,4,D,900001284,pranav.iyer@college.edu,Campus Hostel D,Guardian Pranav,800001284,67.04,6.25,88,IoT  C  PCB  Sensors,Lab Inventory  Notice Hub,Best Project  Coding Club,71.49,Developing,70.06,Not Eligible,0,Middle,Average academic profile with Mechanical specialization.,avatar-8
1285,S-2026-1285,Riya Joshi,Other,2004-09-15,21,Civil,5,A,900001285,riya.joshi@college.edu,Campus Hostel A,Guardian Riya,800001285,59.43,7.61,110,CAD  Robotics  Simulation  MATLAB,Attendance AI  Risk Predictor,Research Poster  Sports Medal,63.49,Developing,55.79,Not Eligible,2,Middle,Weak academic profile with Civil specialization.,avatar-9
1286,S-2026-1286,Saanvi Shetty,Female,2005-10-16,20,Data Science,6,B,900001286,saanvi.shetty@college.edu,Campus Hostel B,Guardian Saanvi,800001286,88.63,9.95,132,Cloud  Linux  Docker  APIs,Smart Meter  Health Band,Open Source Contributor  Mentor,100.0,Ready,100.0,Eligible,0,Low,Excellent academic profile with Data Science specialization.,avatar-10
1287,S-2026-1287,Arjun Kulkarni,Male,2006-11-17,19,AI and ML,7,C,900001287,arjun.kulkarni@college.edu,Campus Hostel C,Guardian Arjun,800001287,69.67,7.11,154,Cybersecurity  Networks  Python  Bash,Traffic Analyzer  Hostel Desk,Innovation Award  Volunteer Lead,54.04,Not Ready,41.33,Not Eligible,3,Middle,Average academic profile with AI and ML specialization.,avatar-11
1288,S-2026-1288,Ira Nair,Other,2000-12-18,25,Electrical,8,D,900001288,ira.nair@college.edu,Campus Hostel D,Guardian Ira,800001288,67.7,6.88,176,Analytics  Excel  SQL  Tableau,Lab Inventory  Notice Hub,Technical Quiz Winner  Seminar Speaker,52.03,Not Ready,39.19,Not Eligible,3,Middle,Average academic profile with Electrical specialization.,avatar-12
1289,S-2026-1289,Dev Chopra,Female,2001-01-19,25,Computer Science,1,A,900001289,dev.chopra@college.edu,Campus Hostel A,Guardian Dev,800001289,85.82,9.77,22,Java  JavaFX  DSA  SQL,Attendance AI  Risk Predictor,Hackathon Finalist  Dean List,99.89,Ready,91.03,Eligible,0,High,Excellent academic profile with Computer Science specialization.,avatar-1
1290,S-2026-1290,Tara Desai,Male,2002-02-20,24,Information Technology,2,B,900001290,tara.desai@college.edu,Campus Hostel B,Guardian Tara,800001290,74.07,5.38,44,Python  ML  Data Analysis  Git,Smart Meter  Health Band,Best Project  Coding Club,58.81,Not Ready,52.15,Not Eligible,1,Middle,Weak academic profile with Information Technology specialization.,avatar-2
1291,S-2026-1291,Neel Pillai,Other,2003-03-21,23,Electronics,3,C,900001291,neel.pillai@college.edu,Campus Hostel C,Guardian Neel,800001291,87.64,7.46,66,React  Java  Testing  UI Design,Traffic Analyzer  Hostel Desk,Research Poster  Sports Medal,84.08,Ready,92.83,Not Eligible,0,Low,Average academic profile with Electronics specialization.,avatar-3
1292,S-2026-1292,Aisha Naik,Female,2004-04-22,22,Mechanical,4,D,900001292,aisha.naik@college.edu,Campus Hostel D,Guardian Aisha,800001292,65.91,8.31,88,IoT  C  PCB  Sensors,Lab Inventory  Notice Hub,Open Source Contributor  Mentor,85.69,Ready,76.37,Not Eligible,0,High,Average academic profile with Mechanical specialization.,avatar-4
1293,S-2026-1293,Kunal Mehta,Male,2005-05-23,21,Civil,5,A,900001293,kunal.mehta@college.edu,Campus Hostel A,Guardian Kunal,800001293,76.36,8.49,110,CAD  Robotics  Simulation  MATLAB,Attendance AI  Risk Predictor,Innovation Award  Volunteer Lead,89.04,Ready,89.37,Eligible,0,Middle,Good academic profile with Civil specialization.,avatar-5
1294,S-2026-1294,Maya Kapoor,Other,2006-06-24,20,Data Science,6,B,900001294,maya.kapoor@college.edu,Campus Hostel B,Guardian Maya,800001294,73.5,8.34,132,Cloud  Linux  Docker  APIs,Smart Meter  Health Band,Technical Quiz Winner  Seminar Speaker,87.41,Ready,87.75,Not Eligible,0,Middle,Average academic profile with Data Science specialization.,avatar-6
1295,S-2026-1295,Rohan Jain,Female,2000-07-25,25,AI and ML,7,C,900001295,rohan.jain@college.edu,Campus Hostel C,Guardian Rohan,800001295,69.69,8.06,154,Cybersecurity  Networks  Python  Bash,Traffic Analyzer  Hostel Desk,Hackathon Finalist  Dean List,84.69,Ready,74.93,Not Eligible,0,High,Average academic profile with AI and ML specialization.,avatar-7
1296,S-2026-1296,Sara Patil,Male,2001-08-26,24,Electrical,8,D,900001296,sara.patil@college.edu,Campus Hostel D,Guardian Sara,800001296,82.1,9.95,176,Analytics  Excel  SQL  Tableau,Lab Inventory  Notice Hub,Best Project  Coding Club,100.0,Ready,100.0,Eligible,0,Low,Good academic profile with Electrical specialization.,avatar-8
1297,S-2026-1297,Yash Gupta,Other,2002-09-27,23,Computer Science,1,A,900001297,yash.gupta@college.edu,Campus Hostel A,Guardian Yash,800001297,84.09,8.34,22,Java  JavaFX  DSA  SQL,Attendance AI  Risk Predictor,Research Poster  Sports Medal,89.53,Ready,89.33,Eligible,0,Middle,Good academic profile with Computer Science specialization.,avatar-9
1298,S-2026-1298,Kiara Saxena,Female,2003-10-01,22,Information Technology,2,B,900001298,kiara.saxena@college.edu,Campus Hostel B,Guardian Kiara,800001298,60.99,5.61,44,Python  ML  Data Analysis  Git,Smart Meter  Health Band,Open Source Contributor  Mentor,65.8,Developing,54.03,Not Eligible,0,High,Weak academic profile with Information Technology specialization.,avatar-10
1299,S-2026-1299,Om Khan,Male,2004-11-02,21,Electronics,3,C,900001299,om.khan@college.edu,Campus Hostel C,Guardian Om,800001299,76.94,9.44,66,React  Java  Testing  UI Design,Traffic Analyzer  Hostel Desk,Innovation Award  Volunteer Lead,95.8,Ready,97.06,Eligible,0,Middle,Good academic profile with Electronics specialization.,avatar-11
1300,S-2026-1300,Avni Bose,Other,2005-12-03,20,Mechanical,4,D,900001300,avni.bose@college.edu,Campus Hostel D,Guardian Avni,800001300,73.1,9.25,88,IoT  C  PCB  Sensors,Lab Inventory  Notice Hub,Technical Quiz Winner  Seminar Speaker,93.7,Ready,94.97,Not Eligible,0,Middle,Average academic profile with Mechanical specialization.,avatar-12
